{"type":"FeatureCollection","features":[{"type":"Feature","geometry":{"type":"Polygon","coordinates":[[[-79.1434,36.4422],[-79.1383,36.542],[-79.5136,36.5409],[-79.5319,36.2497],[-79.154,36.2419],[-79.1434,36.4422]]]},"properties":{"GEOID":"37033","NAME":"Caswell County"}},{"type":"Feature","geometry":{"type":"Polygon","coordinates":[[[-82.1453,35.8778],[-82.1448,35.8804],[-82.1473,35.8855],[-82.1464,35.8889],[-82.1497,35.8907],[-82.1499,35.8923],[-82.1447,35.8965],[-82.1465,35.8971],[-82.146,35.9006],[-82.1474,35.9028],[-82.1467,35.9065],[-82.1451,35.904],[-82.1429,35.9054],[-82.1429,35.9097],[-82.1448,35.9137],[-82.1462,35.9114],[-82.1497,35.9135],[-82.1501,35.9165],[-82.1518,35.9147],[-82.1549,35.9149],[-82.1534,35.9181],[-82.155,35.9211],[-82.1502,35.9244],[-82.1527,35.9285],[-82.1454,35.9318],[-82.1548,35.9336],[-82.1604,35.9304],[-82.1666,35.9345],[-82.1684,35.9327],[-82.1677,35.9293],[-82.1697,35.9286],[-82.1772,35.9356],[-82.1835,35.9376],[-82.1842,35.9424],[-82.1916,35.9471],[-82.1937,35.9509],[-82.1977,35.9522],[-82.1941,35.9556],[-82.1928,35.9595],[-82.1873,35.9581],[-82.1859,35.9601],[-82.194,35.9673],[-82.1913,35.9703],[-82.1912,35.9815],[-82.1927,35.984],[-82.1913,35.986],[-82.1917,35.9906],[-82.1974,35.9922],[-82.1979,35.9955],[-82.2042,36.0039],[-82.2038,36.0059],[-82.2004,36.0061],[-82.1964,36.0005],[-82.1936,36.0011],[-82.1935,36.0072],[-82.1971,36.0147],[-82.1995,36.016],[-82.2056,36.0141],[-82.2092,36.0165],[-82.2142,36.0171],[-82.2278,36.0129],[-82.2333,36.0135],[-82.2376,36.0094],[-82.2363,36.0058],[-82.2373,36.0047],[-82.2521,36.0087],[-82.254,36.0053],[-82.2492,35.9903],[-82.2506,35.9889],[-82.2533,35.9897],[-82.2578,35.9927],[-82.2627,35.9998],[-82.2735,36.0031],[-82.2729,36.0108],[-82.2679,36.0144],[-82.2681,36.0166],[-82.2811,36.026],[-82.2909,36.0294],[-82.2987,36.0394],[-82.2997,36.0457],[-82.3019,36.0452],[-82.3049,36.041],[-82.3099,36.0401],[-82.3123,36.0376],[-82.3133,36.0347],[-82.3114,36.0277],[-82.3124,36.0261],[-82.3196,36.0254],[-82.3236,36.0292],[-82.3382,36.0301],[-82.3399,36.0354],[-82.3362,36.0448],[-82.337,36.0551],[-82.3407,36.0656],[-82.3442,36.0699],[-82.3453,36.0765],[-82.3485,36.0785],[-82.352,36.0845],[-82.3565,36.0829],[-82.3593,36.0785],[-82.3713,36.0762],[-82.3766,36.0709],[-82.3801,36.0707],[-82.3857,36.0764],[-82.3987,36.0819],[-82.4015,36.0811],[-82.4027,36.0788],[-82.3991,36.0731],[-82.4001,36.0712],[-82.4167,36.0728],[-82.4606,36.0077],[-82.4704,36.0029],[-82.4759,35.9982],[-82.4816,35.998],[-82.4842,35.9933],[-82.5,35.9824],[-82.5033,35.9822],[-82.5054,35.9774],[-82.501,35.9661],[-82.4963,35.9622],[-82.4967,35.957],[-82.4863,35.9541],[-82.4801,35.9492],[-82.488,35.943],[-82.4903,35.937],[-82.4957,35.9312],[-82.4985,35.9302],[-82.498,35.9253],[-82.4937,35.9238],[-82.4931,35.9212],[-82.4903,35.9211],[-82.4902,35.9172],[-82.4945,35.9091],[-82.4862,35.9071],[-82.4829,35.909],[-82.4748,35.9092],[-82.4635,35.8997],[-82.4515,35.8988],[-82.4419,35.8875],[-82.4431,35.8847],[-82.4396,35.8794],[-82.4321,35.8767],[-82.4308,35.8742],[-82.4236,35.8695],[-82.4252,35.8612],[-82.4175,35.8592],[-82.4184,35.8504],[-82.4173,35.8473],[-82.4197,35.8429],[-82.4163,35.8292],[-82.412,35.8268],[-82.4143,35.8233],[-82.414,35.8198],[-82.4087,35.8181],[-82.4036,35.8195],[-82.4026,35.8175],[-82.3966,35.8183],[-82.3817,35.8241],[-82.3736,35.8178],[-82.3656,35.8218],[-82.362,35.8212],[-82.3585,35.817],[-82.3489,35.8117],[-82.3466,35.8057],[-82.3383,35.8017],[-82.3383,35.7961],[-82.3435,35.7918],[-82.3464,35.787],[-82.3433,35.7806],[-82.3437,35.7754],[-82.3377,35.7682],[-82.3349,35.7491],[-82.3264,35.7471],[-82.3217,35.7401],[-82.3131,35.7336],[-82.2912,35.7299],[-82.2852,35.7259],[-82.2759,35.7142],[-82.2754,35.7044],[-82.2703,35.7039],[-82.2664,35.7004],[-82.2578,35.6989],[-82.2524,35.7061],[-82.2446,35.709],[-82.2423,35.713],[-82.2376,35.7134],[-82.231,35.7176],[-82.2246,35.7187],[-82.2167,35.7242],[-82.2135,35.7244],[-82.204,35.7328],[-82.1998,35.734],[-82.1976,35.7363],[-82.1934,35.7353],[-82.1849,35.7501],[-82.1844,35.7535],[-82.1769,35.756],[-82.1762,35.7582],[-82.1698,35.7609],[-82.1705,35.763],[-82.1641,35.7728],[-82.1605,35.7743],[-82.1583,35.7797],[-82.1668,35.7849],[-82.1679,35.7893],[-82.1636,35.7926],[-82.1615,35.7956],[-82.1619,35.7978],[-82.1587,35.8011],[-82.1521,35.8041],[-82.1475,35.8043],[-82.1474,35.8077],[-82.15,35.8094],[-82.1412,35.8128],[-82.1336,35.8226],[-82.1483,35.8227],[-82.1473,35.8245],[-82.145,35.8238],[-82.1436,35.8269],[-82.1467,35.8373],[-82.1501,35.8417],[-82.1465,35.8416],[-82.1438,35.8439],[-82.1414,35.8419],[-82.1386,35.8459],[-82.1427,35.8488],[-82.1428,35.8552],[-82.1412,35.8579],[-82.1463,35.8636],[-82.1457,35.8734],[-82.1444,35.8749],[-82.1453,35.8778]]]},"properties":{"GEOID":"37199","NAME":"Yancey County"}},{"type":"Feature","geometry":{"type":"Polygon","coordinates":[[[-79.5375,36.1261],[-79.5324,36.2415],[-80.0351,36.2572],[-80.0374,36.1619],[-80.0469,35.9207],[-79.5417,35.8999],[-79.5375,36.1261]]]},"properties":{"GEOID":"37081","NAME":"Guilford County"}},{"type":"Feature","geometry":{"type":"Polygon","coordinates":[[[-81.349,36.3591],[-81.3325,36.3705],[-81.3319,36.3722],[-81.3214,36.3771],[-81.3186,36.3759],[-81.3183,36.3708],[-81.3119,36.3703],[-81.3059,36.3671],[-81.2984,36.3687],[-81.2919,36.3668],[-81.2863,36.3688],[-81.2798,36.3632],[-81.2713,36.3639],[-81.2672,36.3631],[-81.266,36.3611],[-81.2612,36.365],[-81.2607,36.3635],[-81.2559,36.3632],[-81.2502,36.3721],[-81.2457,36.3737],[-81.247,36.3759],[-81.244,36.383],[-81.2468,36.3873],[-81.2455,36.3907],[-81.247,36.3938],[-81.2525,36.3979],[-81.2525,36.4009],[-81.2588,36.4025],[-81.2646,36.4103],[-81.2666,36.4152],[-81.2654,36.4176],[-81.2626,36.4183],[-81.2644,36.4238],[-81.2638,36.4289],[-81.269,36.4375],[-81.2721,36.4468],[-81.2797,36.4516],[-81.287,36.4616],[-81.2947,36.4655],[-81.2964,36.4646],[-81.2997,36.4751],[-81.3078,36.4808],[-81.3226,36.4958],[-81.3266,36.5049],[-81.3283,36.5173],[-81.3322,36.5229],[-81.3377,36.5268],[-81.3475,36.5401],[-81.348,36.5427],[-81.3455,36.5454],[-81.3461,36.5518],[-81.349,36.552],[-81.3517,36.5463],[-81.3531,36.5461],[-81.3533,36.5747],[-81.5203,36.5805],[-81.6005,36.5869],[-81.6775,36.5881],[-81.6801,36.5857],[-81.677,36.5811],[-81.6792,36.5787],[-81.677,36.5708],[-81.6801,36.5687],[-81.6913,36.5677],[-81.6919,36.5659],[-81.6895,36.5614],[-81.691,36.5554],[-81.6902,36.5517],[-81.6934,36.551],[-81.6938,36.548],[-81.6998,36.5403],[-81.6998,36.5367],[-81.7081,36.5357],[-81.7081,36.5241],[-81.703,36.5211],[-81.6983,36.5097],[-81.6984,36.5064],[-81.6971,36.5059],[-81.6974,36.5022],[-81.7003,36.4985],[-81.6972,36.4964],[-81.6959,36.4916],[-81.6979,36.4889],[-81.6964,36.4755],[-81.6946,36.4734],[-81.6962,36.4697],[-81.695,36.4675],[-81.699,36.4641],[-81.7081,36.4622],[-81.7097,36.4594],[-81.7169,36.4566],[-81.7152,36.4549],[-81.7138,36.4472],[-81.7178,36.445],[-81.7145,36.4415],[-81.7148,36.4371],[-81.7213,36.4339],[-81.7178,36.4299],[-81.7209,36.4225],[-81.7272,36.4199],[-81.7294,36.4159],[-81.7337,36.4147],[-81.7345,36.4125],[-81.7377,36.4135],[-81.7417,36.4125],[-81.74,36.4083],[-81.7414,36.4031],[-81.7383,36.4008],[-81.7394,36.3956],[-81.732,36.3949],[-81.7288,36.3913],[-81.6382,36.3496],[-81.5974,36.3087],[-81.5892,36.3031],[-81.5822,36.2911],[-81.5742,36.2837],[-81.574,36.2816],[-81.5661,36.272],[-81.5522,36.2764],[-81.5468,36.2722],[-81.5326,36.2657],[-81.5217,36.2553],[-81.5151,36.2569],[-81.4863,36.2413],[-81.4775,36.2402],[-81.4754,36.253],[-81.4655,36.2515],[-81.4582,36.2484],[-81.4582,36.2508],[-81.4525,36.2583],[-81.4517,36.2575],[-81.4466,36.2608],[-81.4429,36.2598],[-81.4405,36.2621],[-81.4303,36.266],[-81.4295,36.272],[-81.4309,36.2755],[-81.4294,36.2774],[-81.4174,36.278],[-81.4131,36.2815],[-81.4158,36.2917],[-81.4144,36.2946],[-81.4092,36.2944],[-81.4047,36.2904],[-81.3874,36.2849],[-81.3869,36.2826],[-81.3786,36.2779],[-81.3741,36.2846],[-81.3667,36.2859],[-81.3668,36.3017],[-81.3588,36.3053],[-81.3599,36.3081],[-81.3586,36.3122],[-81.362,36.3138],[-81.3607,36.322],[-81.3543,36.3556],[-81.349,36.3591]]]},"properties":{"GEOID":"37009","NAME":"Ashe County"}},{"type":"Feature","geometry":{"type":"Polygon","coordinates":[[[-76.3133,36.5505],[-76.1585,36.4253],[-76.1575,36.3982],[-76.1476,36.3945],[-76.1218,36.3711],[-76.1144,36.3576],[-76.1067,36.3545],[-76.0977,36.3535],[-76.0932,36.3507],[-76.0905,36.3521],[-76.0864,36.3497],[-76.0849,36.3521],[-76.0814,36.3481],[-76.0799,36.3489],[-76.0783,36.3471],[-76.0749,36.3486],[-76.076,36.3468],[-76.0739,36.3461],[-76.0719,36.35],[-76.0683,36.3495],[-76.0689,36.3479],[-76.0637,36.3475],[-76.0628,36.3492],[-76.0647,36.3513],[-76.0592,36.352],[-76.0582,36.3545],[-76.0556,36.3554],[-76.056,36.3582],[-76.0536,36.3602],[-76.0504,36.3595],[-76.0493,36.3564],[-76.046,36.3583],[-76.0418,36.3554],[-76.0364,36.3552],[-76.0284,36.3482],[-76.0287,36.3441],[-76.0334,36.3413],[-76.0317,36.3386],[-76.0255,36.3406],[-76.0228,36.3452],[-76.0196,36.3459],[-76.0168,36.3445],[-76.0169,36.3382],[-76.0204,36.3328],[-76.0164,36.3273],[-76.0079,36.3286],[-76.0024,36.3242],[-76.0019,36.3151],[-75.9997,36.3112],[-75.9906,36.3083],[-75.9731,36.3098],[-75.9696,36.3063],[-75.9697,36.2957],[-75.9666,36.2896],[-75.9615,36.2874],[-75.9554,36.2894],[-75.9488,36.2859],[-75.9505,36.2798],[-75.949,36.274],[-75.9517,36.2715],[-75.9623,36.2672],[-75.9637,36.264],[-75.9632,36.2585],[-75.9529,36.2532],[-75.9425,36.243],[-75.9345,36.2379],[-75.9296,36.22],[-75.9296,36.2072],[-75.9266,36.2004],[-75.919,36.1924],[-75.8983,36.1798],[-75.8921,36.1725],[-75.8881,36.1638],[-75.8876,36.15],[-75.8967,36.1252],[-75.9063,36.0859],[-75.902,36.0741],[-75.8895,36.0553],[-75.8748,36.0418],[-75.8647,36.0362],[-75.84,36.0288],[-75.7803,36.0476],[-75.7677,36.0553],[-75.7636,36.0639],[-75.7633,36.073],[-75.7655,36.0836],[-75.7746,36.1051],[-75.7738,36.115],[-75.7769,36.1372],[-75.7798,36.1437],[-75.7894,36.1548],[-75.7904,36.1596],[-75.7891,36.172],[-75.7987,36.1825],[-75.8019,36.1884],[-75.7988,36.1992],[-75.7994,36.2022],[-75.8131,36.2236],[-75.7091,36.245],[-75.7496,36.3536],[-75.7906,36.5002],[-75.7975,36.5509],[-76.3133,36.5505]]]},"properties":{"GEOID":"37053","NAME":"Currituck County"}},{"type":"Feature","geometry":{"type":"Polygon","coordinates":[[[-80.3943,35.9728],[-80.3901,35.967],[-80.3783,35.9626],[-80.3746,35.9548],[-80.3753,35.9396],[-80.3683,35.9276],[-80.3694,35.9234],[-80.374,35.9169],[-80.375,35.9118],[-80.3651,35.8937],[-80.3689,35.887],[-80.3731,35.8844],[-80.3784,35.8853],[-80.3909,35.8921],[-80.4079,35.8915],[-80.4107,35.8901],[-80.4166,35.8811],[-80.4072,35.8748],[-80.3954,35.8716],[-80.39,35.8683],[-80.3858,35.8545],[-80.3889,35.8446],[-80.3936,35.8417],[-80.3988,35.8413],[-80.4076,35.8455],[-80.4141,35.8515],[-80.4207,35.8527],[-80.4242,35.851],[-80.4277,35.8333],[-80.4317,35.8284],[-80.4362,35.8285],[-80.4384,35.8321],[-80.4464,35.8367],[-80.4552,35.8273],[-80.4626,35.827],[-80.4726,35.8414],[-80.4764,35.8438],[-80.4828,35.8401],[-80.4876,35.8332],[-80.4858,35.8306],[-80.4775,35.8307],[-80.4723,35.8255],[-80.4648,35.8066],[-80.4659,35.8012],[-80.4748,35.7969],[-80.4767,35.7891],[-80.4716,35.7831],[-80.455,35.773],[-80.4508,35.7671],[-80.4526,35.7583],[-80.4574,35.754],[-80.4595,35.7466],[-80.4555,35.7359],[-80.4524,35.7342],[-80.442,35.7346],[-80.4138,35.7225],[-80.4059,35.7222],[-80.3957,35.7251],[-80.3924,35.7237],[-80.3887,35.7193],[-80.3823,35.7198],[-80.3712,35.7162],[-80.341,35.7213],[-80.333,35.7194],[-80.3259,35.7119],[-80.3241,35.7067],[-80.3248,35.7037],[-80.332,35.6973],[-80.3344,35.6924],[-80.3333,35.6836],[-80.3306,35.6788],[-80.3257,35.6747],[-80.3148,35.6717],[-80.3073,35.6658],[-80.3046,35.6535],[-80.2938,35.6432],[-80.2887,35.6357],[-80.2629,35.6284],[-80.2566,35.6225],[-80.2434,35.6144],[-80.237,35.6068],[-80.2317,35.5965],[-80.2089,35.5813],[-80.207,35.5731],[-80.2103,35.557],[-80.2098,35.5523],[-80.207,35.5493],[-80.1992,35.5456],[-80.1955,35.5366],[-80.1974,35.53],[-80.1906,35.5258],[-80.184,35.5165],[-80.1847,35.5088],[-80.1833,35.5041],[-80.0668,35.5057],[-80.0599,35.6787],[-80.0432,36.0108],[-80.1494,36.0268],[-80.2137,36.0268],[-80.2138,35.9967],[-80.3303,35.9966],[-80.33,35.9908],[-80.3445,35.991],[-80.3943,35.9728]]]},"properties":{"GEOID":"37057","NAME":"Davidson County"}},{"type":"Feature","geometry":{"type":"Polygon","coordinates":[[[-80.8749,36.1994],[-80.8816,36.0557],[-80.5984,36.0477],[-80.4963,36.0465],[-80.5053,36.0527],[-80.5079,36.0563],[-80.5095,36.0722],[-80.5166,36.0834],[-80.5156,36.0933],[-80.5107,36.0971],[-80.5077,36.1072],[-80.5055,36.1092],[-80.488,36.1161],[-80.4733,36.1188],[-80.4623,36.1181],[-80.4544,36.1221],[-80.4482,36.1307],[-80.4394,36.1369],[-80.4429,36.156],[-80.4391,36.1609],[-80.4368,36.1693],[-80.4385,36.1755],[-80.4437,36.1807],[-80.4396,36.1905],[-80.4463,36.2077],[-80.4429,36.213],[-80.4331,36.2156],[-80.4321,36.217],[-80.4374,36.2298],[-80.4602,36.247],[-80.4622,36.2561],[-80.4667,36.2598],[-80.4771,36.2607],[-80.4837,36.256],[-80.5052,36.2599],[-80.5092,36.2584],[-80.5328,36.2581],[-80.5373,36.2622],[-80.5355,36.2719],[-80.5367,36.2793],[-80.5393,36.2821],[-80.546,36.2849],[-80.5494,36.2853],[-80.5541,36.2824],[-80.5596,36.283],[-80.5722,36.2805],[-80.5933,36.2698],[-80.615,36.2796],[-80.6223,36.2857],[-80.6282,36.2879],[-80.6316,36.2851],[-80.6264,36.2776],[-80.6272,36.2742],[-80.6307,36.2723],[-80.643,36.2726],[-80.6477,36.2635],[-80.6481,36.2567],[-80.6525,36.253],[-80.6573,36.2518],[-80.669,36.2509],[-80.6732,36.2522],[-80.6768,36.2569],[-80.6787,36.2642],[-80.6846,36.2688],[-80.7032,36.266],[-80.713,36.2667],[-80.7207,36.2701],[-80.7333,36.2672],[-80.7346,36.2688],[-80.7321,36.2765],[-80.737,36.2803],[-80.7418,36.2778],[-80.7439,36.2715],[-80.7518,36.2634],[-80.7554,36.2641],[-80.7599,36.2693],[-80.7687,36.275],[-80.7752,36.2743],[-80.78,36.2689],[-80.7782,36.2573],[-80.7859,36.252],[-80.7972,36.248],[-80.8023,36.2526],[-80.8091,36.2543],[-80.8492,36.2409],[-80.8676,36.2391],[-80.8732,36.2363],[-80.8749,36.1994]]]},"properties":{"GEOID":"37197","NAME":"Yadkin County"}},{"type":"Feature","geometry":{"type":"Polygon","coordinates":[[[-81.9432,35.96],[-81.9421,35.9575],[-81.9373,35.9552],[-81.9341,35.9485],[-81.9313,35.9466],[-81.9323,35.9414],[-81.9257,35.9374],[-81.9285,35.9315],[-81.9206,35.9191],[-81.9149,35.9164],[-81.9103,35.9056],[-81.9143,35.9014],[-81.9093,35.8978],[-81.9098,35.8946],[-81.9076,35.8908],[-81.9067,35.8834],[-81.9122,35.8747],[-81.9142,35.8664],[-81.9181,35.8602],[-81.9166,35.8589],[-81.918,35.8566],[-81.9176,35.8517],[-81.9205,35.8471],[-81.9319,35.839],[-81.9352,35.8374],[-81.9397,35.8377],[-81.9478,35.8278],[-81.9475,35.826],[-81.9569,35.8197],[-81.9684,35.8196],[-81.9735,35.8212],[-81.9788,35.8171],[-81.9805,35.8133],[-81.9869,35.8069],[-81.9244,35.7618],[-81.8694,35.7196],[-81.8241,35.575],[-81.8221,35.5805],[-81.8185,35.578],[-81.8103,35.5813],[-81.8035,35.5781],[-81.7988,35.58],[-81.7959,35.585],[-81.7966,35.5889],[-81.7941,35.5932],[-81.7874,35.5942],[-81.783,35.592],[-81.7722,35.5926],[-81.768,35.5972],[-81.7719,35.6021],[-81.7683,35.6029],[-81.7661,35.607],[-81.7574,35.6094],[-81.7534,35.6136],[-81.7504,35.6118],[-81.7468,35.6057],[-81.739,35.6042],[-81.7371,35.6019],[-81.7318,35.602],[-81.72,35.606],[-81.7158,35.6029],[-81.7166,35.6008],[-81.7153,35.6014],[-81.7175,35.5988],[-81.716,35.598],[-81.7163,35.595],[-81.712,35.5919],[-81.7121,35.5893],[-81.7092,35.5899],[-81.7057,35.5812],[-81.7033,35.5815],[-81.7026,35.5833],[-81.6977,35.5789],[-81.6925,35.5789],[-81.6927,35.5828],[-81.6903,35.5844],[-81.6846,35.5773],[-81.6801,35.5764],[-81.671,35.5668],[-81.6622,35.5675],[-81.6604,35.5654],[-81.6567,35.5653],[-81.649,35.5616],[-81.6354,35.565],[-81.6334,35.5673],[-81.633,35.5654],[-81.6186,35.5672],[-81.6174,35.5655],[-81.6072,35.5668],[-81.5978,35.5713],[-81.5952,35.5705],[-81.5955,35.568],[-81.5914,35.5651],[-81.5805,35.5675],[-81.5774,35.5665],[-81.5791,35.5622],[-81.5729,35.5585],[-81.5671,35.5582],[-81.5664,35.56],[-81.5609,35.563],[-81.5557,35.5622],[-81.5466,35.5648],[-81.5376,35.5642],[-81.5068,35.608],[-81.4329,35.6778],[-81.3638,35.7678],[-81.3712,35.7664],[-81.3775,35.7575],[-81.3911,35.7595],[-81.3986,35.7584],[-81.4081,35.7652],[-81.4265,35.772],[-81.4415,35.7739],[-81.444,35.784],[-81.4464,35.7853],[-81.4746,35.7835],[-81.4903,35.7805],[-81.5162,35.7809],[-81.5413,35.7791],[-81.548,35.7768],[-81.556,35.7775],[-81.6008,35.8251],[-81.6104,35.8196],[-81.6301,35.8304],[-81.6261,35.8335],[-81.6322,35.8358],[-81.6392,35.8483],[-81.7102,35.8752],[-81.717,35.8832],[-81.7191,35.8833],[-81.7246,35.8897],[-81.729,35.8912],[-81.7307,35.8978],[-81.7351,35.9028],[-81.74,35.9072],[-81.7446,35.9087],[-81.7457,35.9164],[-81.7525,35.9244],[-81.7568,35.9255],[-81.7587,35.9285],[-81.7629,35.9257],[-81.7694,35.9291],[-81.7762,35.9271],[-81.7777,35.9299],[-81.7755,35.9339],[-81.7798,35.9387],[-81.7767,35.9416],[-81.7775,35.9474],[-81.7871,35.9476],[-81.7945,35.9502],[-81.7962,35.9488],[-81.7996,35.9504],[-81.8005,35.9531],[-81.8088,35.9583],[-81.8072,35.962],[-81.8125,35.964],[-81.8174,35.9684],[-81.8322,35.9671],[-81.8359,35.9718],[-81.8407,35.972],[-81.8445,35.975],[-81.85,35.9736],[-81.8732,35.9776],[-81.8735,35.9793],[-81.8775,35.9812],[-81.8778,35.989],[-81.8814,35.9929],[-81.8999,35.9999],[-81.9432,35.96]]]},"properties":{"GEOID":"37023","NAME":"Burke County"}},{"type":"Feature","geometry":{"type":"Polygon","coordinates":[[[-77.8253,35.4775],[-77.8225,35.5854],[-77.8244,35.5865],[-77.9983,35.5856],[-78.058,35.5978],[-78.1549,35.4178],[-78.1537,35.392],[-78.1498,35.3918],[-78.1442,35.3869],[-78.1458,35.383],[-78.1507,35.3786],[-78.1578,35.375],[-78.1624,35.3674],[-78.1577,35.3601],[-78.16,35.3593],[-78.1601,35.3566],[-78.1537,35.3564],[-78.1532,35.3507],[-78.1588,35.3475],[-78.1606,35.3495],[-78.1656,35.3464],[-78.1679,35.348],[-78.1702,35.3463],[-78.174,35.3473],[-78.18,35.3437],[-78.1848,35.3454],[-78.187,35.3426],[-78.1963,35.3436],[-78.1973,35.3401],[-78.2008,35.3413],[-78.2096,35.3397],[-78.2118,35.3423],[-78.2136,35.3405],[-78.2155,35.3415],[-78.2167,35.3368],[-78.2157,35.3335],[-78.2426,35.3198],[-78.2488,35.3204],[-78.258,35.3257],[-78.2691,35.3228],[-78.276,35.3151],[-78.2897,35.3151],[-78.3066,35.2876],[-78.2462,35.226],[-78.1618,35.2043],[-78.1634,35.1897],[-78.0774,35.1751],[-78.0445,35.1925],[-78.0338,35.1918],[-78.0206,35.194],[-78.0171,35.1909],[-78.0064,35.1908],[-78.0009,35.189],[-77.9946,35.1832],[-77.9843,35.1839],[-77.9815,35.1803],[-77.9783,35.1708],[-77.9701,35.1659],[-77.9535,35.1655],[-77.9451,35.1724],[-77.936,35.171],[-77.93,35.1736],[-77.9257,35.1729],[-77.9132,35.1661],[-77.9096,35.1623],[-77.9089,35.1571],[-77.904,35.1546],[-77.8981,35.1489],[-77.892,35.1463],[-77.8939,35.1541],[-77.8888,35.16],[-77.8342,35.1778],[-77.8242,35.3438],[-77.8193,35.352],[-77.818,35.3574],[-77.8029,35.3729],[-77.7999,35.3823],[-77.8039,35.3953],[-77.8054,35.4073],[-77.8133,35.4138],[-77.818,35.4155],[-77.8218,35.4212],[-77.8267,35.4241],[-77.8253,35.4775]]]},"properties":{"GEOID":"37191","NAME":"Wayne County"}},{"type":"Feature","geometry":{"type":"Polygon","coordinates":[[[-80.5792,36.0475],[-80.6932,36.0513],[-80.7076,35.8522],[-80.6999,35.8505],[-80.6965,35.8546],[-80.6932,35.8537],[-80.6917,35.8635],[-80.6874,35.8598],[-80.677,35.8559],[-80.6743,35.8577],[-80.6723,35.8558],[-80.6688,35.8563],[-80.6696,35.8521],[-80.6729,35.8498],[-80.6713,35.8465],[-80.6605,35.8446],[-80.6493,35.8462],[-80.6425,35.8441],[-80.6315,35.8456],[-80.6311,35.8385],[-80.6226,35.839],[-80.6109,35.8313],[-80.6099,35.8287],[-80.6125,35.8255],[-80.6096,35.8231],[-80.6039,35.8237],[-80.6034,35.8263],[-80.6014,35.8234],[-80.5992,35.8273],[-80.5942,35.8273],[-80.5942,35.823],[-80.591,35.8172],[-80.5873,35.8192],[-80.59,35.8213],[-80.5869,35.8231],[-80.5704,35.8163],[-80.5678,35.8119],[-80.5618,35.8095],[-80.5548,35.8004],[-80.5468,35.7984],[-80.543,35.7923],[-80.5374,35.7899],[-80.5356,35.7916],[-80.5334,35.791],[-80.5342,35.7871],[-80.5329,35.7852],[-80.5281,35.7834],[-80.5208,35.7844],[-80.5149,35.7781],[-80.5082,35.7745],[-80.5019,35.783],[-80.4966,35.7827],[-80.4919,35.7788],[-80.4919,35.7757],[-80.4872,35.7662],[-80.4871,35.7713],[-80.4848,35.7756],[-80.4783,35.7748],[-80.4714,35.7678],[-80.4688,35.7574],[-80.4619,35.7507],[-80.4589,35.7428],[-80.4583,35.752],[-80.4526,35.7583],[-80.4508,35.7671],[-80.455,35.773],[-80.4716,35.7831],[-80.4767,35.7891],[-80.4748,35.7969],[-80.4659,35.8012],[-80.4648,35.8066],[-80.4723,35.8255],[-80.4775,35.8307],[-80.4858,35.8306],[-80.4874,35.8336],[-80.4828,35.8401],[-80.4764,35.8438],[-80.4726,35.8414],[-80.4626,35.827],[-80.4552,35.8273],[-80.4464,35.8367],[-80.4384,35.8321],[-80.4362,35.8285],[-80.4317,35.8284],[-80.4277,35.8333],[-80.4242,35.851],[-80.4207,35.8527],[-80.4141,35.8515],[-80.4076,35.8455],[-80.3988,35.8413],[-80.3941,35.8415],[-80.3893,35.8441],[-80.3858,35.8541],[-80.39,35.8683],[-80.3954,35.8716],[-80.4072,35.8748],[-80.4166,35.8811],[-80.4107,35.8901],[-80.4072,35.8916],[-80.3909,35.8921],[-80.3744,35.8845],[-80.3711,35.885],[-80.3679,35.8885],[-80.3652,35.8948],[-80.375,35.9118],[-80.374,35.9169],[-80.3694,35.9234],[-80.3683,35.9276],[-80.3753,35.9396],[-80.375,35.9559],[-80.3803,35.9641],[-80.3901,35.967],[-80.3937,35.9724],[-80.4105,35.9796],[-80.4214,35.9875],[-80.4226,35.9902],[-80.4218,35.9942],[-80.4134,36.0016],[-80.4181,36.016],[-80.4424,36.0311],[-80.4471,36.0389],[-80.4559,36.0475],[-80.4589,36.0581],[-80.463,36.0623],[-80.4677,36.0626],[-80.473,36.0603],[-80.475,36.0571],[-80.4747,36.0504],[-80.4884,36.043],[-80.4924,36.0436],[-80.4963,36.0465],[-80.5792,36.0475]]]},"properties":{"GEOID":"37059","NAME":"Davie County"}},{"type":"Feature","geometry":{"type":"Polygon","coordinates":[[[-82.0027,35.5518],[-81.9945,35.544],[-81.9863,35.5407],[-81.9862,35.5381],[-81.978,35.5306],[-81.9676,35.526],[-81.9573,35.5278],[-81.9331,35.5361],[-81.9241,35.534],[-81.9212,35.5352],[-81.9209,35.5337],[-81.905,35.5419],[-81.8425,35.5423],[-81.8439,35.5463],[-81.8411,35.5504],[-81.841,35.5541],[-81.8334,35.559],[-81.8338,35.5629],[-81.8295,35.5677],[-81.8284,35.5739],[-81.8241,35.575],[-81.8694,35.7196],[-81.9244,35.7618],[-81.9869,35.8069],[-81.9805,35.8133],[-81.9788,35.8171],[-81.9735,35.8212],[-81.9684,35.8196],[-81.9569,35.8197],[-81.9475,35.826],[-81.9478,35.8278],[-81.9397,35.8377],[-81.9352,35.8374],[-81.9319,35.839],[-81.9205,35.8471],[-81.9176,35.8517],[-81.918,35.8566],[-81.9166,35.8589],[-81.9181,35.8602],[-81.9142,35.8664],[-81.9122,35.8747],[-81.9067,35.8834],[-81.9076,35.8908],[-81.9098,35.8946],[-81.9093,35.8978],[-81.9143,35.9014],[-81.9103,35.9056],[-81.9149,35.9164],[-81.9206,35.9191],[-81.9285,35.9315],[-81.9257,35.9374],[-81.9323,35.9414],[-81.9313,35.9466],[-81.9341,35.9485],[-81.9373,35.9552],[-81.9421,35.9575],[-81.9432,35.96],[-81.963,35.9418],[-81.9626,35.9381],[-81.9547,35.9323],[-81.9544,35.9268],[-81.9603,35.9213],[-81.9648,35.9208],[-81.9721,35.9149],[-81.9767,35.9151],[-81.9822,35.9112],[-81.979,35.9014],[-81.981,35.8899],[-81.9803,35.8847],[-81.9897,35.8802],[-81.9915,35.8762],[-81.9994,35.874],[-82.0034,35.8758],[-82.0032,35.8783],[-82.0075,35.8827],[-82.0136,35.8852],[-82.0224,35.885],[-82.0285,35.8793],[-82.0273,35.8777],[-82.0296,35.8679],[-82.0332,35.865],[-82.034,35.8622],[-82.0373,35.8588],[-82.0486,35.853],[-82.0593,35.8511],[-82.0634,35.8519],[-82.0716,35.8504],[-82.0747,35.8483],[-82.0896,35.851],[-82.0922,35.8492],[-82.0961,35.8521],[-82.0994,35.8517],[-82.1023,35.8403],[-82.1098,35.835],[-82.1172,35.8326],[-82.1212,35.8246],[-82.1333,35.8244],[-82.1338,35.8211],[-82.1412,35.8128],[-82.15,35.8094],[-82.1474,35.8077],[-82.1475,35.8043],[-82.1527,35.8039],[-82.1619,35.7978],[-82.1616,35.7953],[-82.1678,35.7883],[-82.1668,35.7849],[-82.1583,35.7797],[-82.1605,35.7743],[-82.1641,35.7728],[-82.1705,35.763],[-82.1698,35.7609],[-82.1762,35.7582],[-82.1769,35.756],[-82.1844,35.7535],[-82.1849,35.7501],[-82.1934,35.7353],[-82.1976,35.7363],[-82.1998,35.734],[-82.204,35.7328],[-82.2135,35.7244],[-82.2167,35.7242],[-82.2246,35.7187],[-82.231,35.7176],[-82.2376,35.7134],[-82.2423,35.713],[-82.2446,35.709],[-82.2524,35.7061],[-82.2582,35.6987],[-82.2667,35.7005],[-82.271,35.7041],[-82.2755,35.7044],[-82.2812,35.7022],[-82.2837,35.6987],[-82.2889,35.6962],[-82.295,35.6843],[-82.2842,35.6768],[-82.2804,35.6677],[-82.2855,35.6615],[-82.2866,35.6579],[-82.2863,35.6505],[-82.2856,35.648],[-82.283,35.6469],[-82.282,35.6395],[-82.2761,35.6377],[-82.2718,35.6333],[-82.2708,35.6311],[-82.2741,35.6287],[-82.2716,35.6245],[-82.2727,35.622],[-82.2645,35.6177],[-82.2654,35.6135],[-82.2804,35.6088],[-82.2823,35.6031],[-82.2875,35.601],[-82.2919,35.595],[-82.291,35.5913],[-82.2513,35.5599],[-82.22,35.5531],[-82.2068,35.5478],[-82.1505,35.518],[-82.0936,35.532],[-82.0826,35.5334],[-82.0398,35.5327],[-82.0221,35.5373],[-82.013,35.5477],[-82.0027,35.5518]]]},"properties":{"GEOID":"37111","NAME":"McDowell County"}},{"type":"Feature","geometry":{"type":"Polygon","coordinates":[[[-77.3389,35.1553],[-77.4517,35.2187],[-77.4736,35.2289],[-77.5272,35.243],[-77.5075,35.1728],[-77.6013,35.0714],[-77.731,35.0081],[-77.6748,34.9739],[-77.639,34.9845],[-77.5028,34.9696],[-77.3668,34.9087],[-77.3653,34.9232],[-77.3631,34.9258],[-77.3604,34.9259],[-77.3568,34.9292],[-77.3432,34.9313],[-77.3417,34.9345],[-77.332,34.9391],[-77.3282,34.9385],[-77.3226,34.9348],[-77.319,34.9349],[-77.317,34.9323],[-77.3134,34.9326],[-77.3109,34.9354],[-77.3116,34.9364],[-77.3089,34.9376],[-77.3043,34.9343],[-77.2979,34.9339],[-77.2946,34.9305],[-77.2853,34.9313],[-77.2833,34.9278],[-77.2684,34.926],[-77.2642,34.9213],[-77.2646,34.9191],[-77.2622,34.9188],[-77.2597,34.9149],[-77.2598,34.9093],[-77.2581,34.9085],[-77.2532,34.9107],[-77.25,34.9091],[-77.2515,34.9082],[-77.2506,34.9067],[-77.2522,34.9031],[-77.2505,34.9033],[-77.2498,34.9009],[-77.2402,34.8989],[-77.2374,34.9],[-77.2388,34.8936],[-77.2343,34.8915],[-77.2333,34.8939],[-77.2319,34.8929],[-77.2341,34.8861],[-77.2311,34.8852],[-77.222,34.887],[-77.2208,34.8846],[-77.2228,34.8834],[-77.2224,34.8821],[-77.2159,34.8733],[-77.2196,34.8703],[-77.2128,34.8625],[-77.213,34.8604],[-77.21,34.8587],[-77.2122,34.8533],[-77.2059,34.8475],[-77.2046,34.8478],[-77.205,34.846],[-77.2027,34.8453],[-77.2034,34.8427],[-77.2009,34.842],[-77.2015,34.8381],[-77.2033,34.837],[-77.2014,34.8364],[-77.2019,34.8345],[-77.1973,34.8326],[-77.1963,34.8342],[-77.1933,34.8319],[-77.1908,34.8324],[-77.1917,34.8338],[-77.1887,34.8333],[-77.1854,34.835],[-77.185,34.8366],[-77.1813,34.8362],[-77.1795,34.8295],[-77.1843,34.8263],[-77.1864,34.8195],[-77.1922,34.8172],[-77.1958,34.8176],[-77.1931,34.8144],[-77.1963,34.8103],[-77.1931,34.8069],[-77.1892,34.8063],[-77.1905,34.8023],[-77.1754,34.7963],[-77.1758,34.792],[-77.1709,34.7904],[-77.1752,34.7875],[-77.174,34.7857],[-77.1702,34.7851],[-77.1731,34.7824],[-77.1727,34.7806],[-77.1694,34.7807],[-77.1673,34.7852],[-77.1625,34.786],[-77.1622,34.7874],[-77.1654,34.7879],[-77.1678,34.791],[-77.1644,34.7905],[-77.1615,34.7952],[-77.15,34.7927],[-77.1478,34.7942],[-77.1442,34.7933],[-77.1422,34.797],[-77.1357,34.798],[-77.1342,34.7968],[-77.1312,34.7982],[-77.1281,34.7959],[-77.1255,34.7961],[-77.1254,34.7934],[-77.1235,34.7926],[-77.12,34.7945],[-77.1162,34.7939],[-77.1156,34.7972],[-77.1127,34.7965],[-77.1074,34.8031],[-77.0961,34.7992],[-77.0906,34.7994],[-77.0896,34.8091],[-77.085,34.8111],[-77.0798,34.81],[-77.0733,34.8176],[-77.0681,34.8202],[-77.0472,34.8364],[-77.1089,34.8308],[-77.1031,35.0178],[-77.1024,35.0234],[-77.0988,35.0269],[-77.1065,35.0343],[-77.1075,35.0417],[-77.1103,35.0457],[-77.1079,35.0543],[-77.1104,35.0652],[-77.1097,35.0686],[-77.1161,35.0741],[-77.1183,35.0716],[-77.1186,35.0733],[-77.1304,35.0724],[-77.1323,35.0671],[-77.1384,35.0613],[-77.1417,35.062],[-77.1452,35.0601],[-77.147,35.0566],[-77.1496,35.0565],[-77.1483,35.0547],[-77.1521,35.0547],[-77.1498,35.0577],[-77.1548,35.0627],[-77.1599,35.0623],[-77.1643,35.0655],[-77.1688,35.0603],[-77.1719,35.0608],[-77.1739,35.0582],[-77.1806,35.0552],[-77.1739,35.0591],[-77.1791,35.0582],[-77.1824,35.0626],[-77.1854,35.0632],[-77.1894,35.0667],[-77.191,35.0765],[-77.1877,35.0811],[-77.3389,35.1553]]]},"properties":{"GEOID":"37103","NAME":"Jones County"}},{"type":"Feature","geometry":{"type":"Polygon","coordinates":[[[-82.1552,35.5205],[-82.169,35.5278],[-82.2205,35.52],[-82.2332,35.5194],[-82.2333,35.5096],[-82.2272,35.5047],[-82.2241,35.5004],[-82.2243,35.4983],[-82.2425,35.4678],[-82.2514,35.4607],[-82.2658,35.4678],[-82.2763,35.4489],[-82.2801,35.445],[-82.279,35.4385],[-82.2761,35.4371],[-82.2734,35.4307],[-82.2758,35.4233],[-82.2727,35.4188],[-82.2726,35.4097],[-82.2685,35.4062],[-82.2701,35.4004],[-82.2605,35.3931],[-82.2558,35.3971],[-82.2391,35.4026],[-82.2285,35.396],[-82.2205,35.3946],[-82.2144,35.3982],[-82.209,35.3977],[-82.2046,35.4036],[-82.1971,35.4022],[-82.1965,35.399],[-82.1941,35.3974],[-82.19,35.3993],[-82.1852,35.3966],[-82.1809,35.4028],[-82.1732,35.4056],[-82.1714,35.4095],[-82.1663,35.4077],[-82.1599,35.4093],[-82.1515,35.4076],[-82.1417,35.3991],[-82.1317,35.3956],[-82.1292,35.3969],[-82.123,35.3934],[-82.1201,35.3882],[-82.1152,35.3874],[-82.1077,35.3812],[-82.1052,35.3672],[-82.1018,35.3663],[-82.1003,35.3698],[-82.0973,35.3699],[-82.0885,35.3589],[-82.0883,35.3553],[-82.0848,35.3533],[-82.0797,35.353],[-82.0796,35.3466],[-82.0762,35.3412],[-82.0709,35.3381],[-82.068,35.3392],[-82.0644,35.3345],[-82.0586,35.3371],[-82.0539,35.3354],[-82.0514,35.3291],[-82.0472,35.3275],[-82.0482,35.3252],[-82.0465,35.321],[-82.0436,35.3207],[-82.031,35.3087],[-82.0295,35.3015],[-82.023,35.2982],[-82.0168,35.2992],[-82.0152,35.2924],[-82.0105,35.2897],[-82.0057,35.2841],[-82.0008,35.2827],[-81.9994,35.2762],[-81.9958,35.2707],[-81.9825,35.2634],[-81.9776,35.2634],[-81.9688,35.2578],[-81.9684,35.2509],[-81.9639,35.2494],[-81.9657,35.2311],[-81.9628,35.2269],[-81.9677,35.2198],[-81.9709,35.2116],[-81.9696,35.2095],[-81.971,35.2055],[-81.9693,35.1872],[-81.7681,35.1806],[-81.7595,35.2226],[-81.7029,35.3573],[-81.6922,35.5461],[-81.692,35.58],[-81.6975,35.5788],[-81.7026,35.5833],[-81.7033,35.5815],[-81.7057,35.5812],[-81.7092,35.5899],[-81.7121,35.5893],[-81.712,35.5919],[-81.7163,35.595],[-81.716,35.598],[-81.7175,35.5988],[-81.7152,35.6011],[-81.7167,35.6009],[-81.7158,35.6029],[-81.7173,35.6046],[-81.7217,35.6063],[-81.7318,35.602],[-81.7371,35.6019],[-81.739,35.6042],[-81.7468,35.6057],[-81.7504,35.6118],[-81.7534,35.6136],[-81.7574,35.6094],[-81.7661,35.607],[-81.7683,35.6029],[-81.7719,35.6021],[-81.768,35.5972],[-81.7722,35.5926],[-81.783,35.592],[-81.7874,35.5942],[-81.7941,35.5932],[-81.7965,35.5893],[-81.796,35.5846],[-81.8,35.5792],[-81.8035,35.5781],[-81.8103,35.5813],[-81.8185,35.578],[-81.8221,35.5805],[-81.8241,35.575],[-81.8284,35.5739],[-81.8295,35.5677],[-81.8338,35.5629],[-81.8332,35.5593],[-81.841,35.5541],[-81.8411,35.5504],[-81.8439,35.5463],[-81.8425,35.5423],[-81.905,35.5419],[-81.9209,35.5337],[-81.9212,35.5352],[-81.9241,35.534],[-81.9331,35.5361],[-81.9573,35.5278],[-81.9676,35.526],[-81.978,35.5306],[-81.9862,35.5381],[-81.9863,35.5407],[-81.9945,35.544],[-82.0028,35.5518],[-82.013,35.5477],[-82.0221,35.5373],[-82.0398,35.5327],[-82.0826,35.5334],[-82.0958,35.5317],[-82.1505,35.518],[-82.1552,35.5205]]]},"properties":{"GEOID":"37161","NAME":"Rutherford County"}},{"type":"Feature","geometry":{"type":"Polygon","coordinates":[[[-76.8473,35.72],[-76.8446,35.7057],[-76.5456,35.7051],[-76.406,35.6976],[-76.4056,35.7863],[-76.3536,35.8613],[-76.3602,35.8756],[-76.3696,35.8832],[-76.3731,35.8992],[-76.38,35.9147],[-76.3677,35.93],[-76.3655,35.9441],[-76.3581,35.9516],[-76.3584,36.02],[-76.3814,36.0262],[-76.3968,36.0264],[-76.413,36.0209],[-76.4369,36.0042],[-76.4455,35.9999],[-76.4934,35.9852],[-76.5236,35.9788],[-76.5632,35.9747],[-76.5915,35.9747],[-76.6062,35.9781],[-76.6181,35.9769],[-76.6546,35.9665],[-76.6838,35.9531],[-76.6875,35.9507],[-76.6925,35.9438],[-76.6945,35.934],[-76.7007,35.9236],[-76.7107,35.9229],[-76.72,35.9173],[-76.7232,35.912],[-76.7236,35.9062],[-76.7283,35.898],[-76.7311,35.8884],[-76.7381,35.8776],[-76.748,35.8693],[-76.7606,35.8649],[-76.7613,35.8629],[-76.7632,35.8641],[-76.7654,35.8613],[-76.7716,35.861],[-76.7722,35.8582],[-76.776,35.8589],[-76.7769,35.8567],[-76.7786,35.8569],[-76.7784,35.8541],[-76.7812,35.8534],[-76.7803,35.8514],[-76.7837,35.8489],[-76.7862,35.8409],[-76.7893,35.8379],[-76.7847,35.8329],[-76.7849,35.8292],[-76.7819,35.8269],[-76.7826,35.8243],[-76.7968,35.8162],[-76.7994,35.8136],[-76.8026,35.8052],[-76.7935,35.7954],[-76.7928,35.7924],[-76.7941,35.7912],[-76.7928,35.7901],[-76.7985,35.7846],[-76.8035,35.7839],[-76.804,35.7796],[-76.8023,35.7763],[-76.8035,35.7727],[-76.808,35.7682],[-76.8092,35.763],[-76.8171,35.7599],[-76.8202,35.754],[-76.8171,35.7491],[-76.8178,35.7476],[-76.8252,35.7449],[-76.8259,35.7402],[-76.8326,35.7367],[-76.8337,35.7332],[-76.8313,35.7307],[-76.8473,35.72]]]},"properties":{"GEOID":"37187","NAME":"Washington County"}},{"type":"Feature","geometry":{"type":"Polygon","coordinates":[[[-80.9877,36.0558],[-80.9757,36.0588],[-80.8816,36.0557],[-80.8687,36.3264],[-80.8757,36.3309],[-80.8768,36.3335],[-80.8801,36.3339],[-80.8932,36.3411],[-80.9058,36.3611],[-80.9106,36.3624],[-80.9171,36.3676],[-80.9203,36.3673],[-80.9228,36.3645],[-80.9308,36.3666],[-80.9325,36.3693],[-80.9421,36.3736],[-80.9518,36.3835],[-80.9566,36.3859],[-80.9571,36.39],[-80.9549,36.3939],[-80.9572,36.3972],[-80.9645,36.399],[-80.9672,36.402],[-80.9713,36.3956],[-80.9817,36.3912],[-80.984,36.3888],[-80.9794,36.3791],[-80.9814,36.3762],[-80.9947,36.3794],[-81.0136,36.3713],[-81.0267,36.3732],[-81.0438,36.3933],[-81.0443,36.4111],[-81.078,36.4179],[-81.0798,36.4224],[-81.0788,36.4259],[-81.0833,36.4298],[-81.0837,36.433],[-81.0918,36.4359],[-81.0951,36.4408],[-81.1284,36.4259],[-81.1283,36.4221],[-81.1326,36.4155],[-81.1382,36.4125],[-81.1426,36.4192],[-81.1477,36.4192],[-81.1469,36.4221],[-81.1491,36.4253],[-81.1604,36.429],[-81.163,36.4325],[-81.1893,36.3994],[-81.2126,36.3856],[-81.2202,36.3776],[-81.2308,36.375],[-81.2381,36.3704],[-81.2383,36.3683],[-81.2433,36.3661],[-81.25,36.3675],[-81.2536,36.3666],[-81.2559,36.3632],[-81.2607,36.3635],[-81.2612,36.365],[-81.266,36.3611],[-81.2672,36.3631],[-81.2713,36.3639],[-81.2798,36.3632],[-81.2863,36.3688],[-81.2919,36.3668],[-81.2984,36.3687],[-81.3038,36.3671],[-81.3084,36.3677],[-81.3119,36.3703],[-81.3183,36.3708],[-81.3186,36.3759],[-81.3209,36.3771],[-81.3319,36.3722],[-81.3325,36.3705],[-81.3543,36.3556],[-81.362,36.3138],[-81.3586,36.3122],[-81.3599,36.3081],[-81.3588,36.3053],[-81.3668,36.3017],[-81.3667,36.2859],[-81.3741,36.2846],[-81.3786,36.2779],[-81.3869,36.2826],[-81.3874,36.2849],[-81.4047,36.2904],[-81.4092,36.2944],[-81.4141,36.2947],[-81.4158,36.2917],[-81.4131,36.2815],[-81.4174,36.278],[-81.4294,36.2774],[-81.4309,36.2755],[-81.4295,36.272],[-81.4306,36.2658],[-81.4405,36.2621],[-81.4429,36.2598],[-81.4466,36.2608],[-81.4517,36.2575],[-81.4525,36.2583],[-81.4582,36.2508],[-81.4582,36.2484],[-81.4655,36.2515],[-81.4754,36.253],[-81.4777,36.2358],[-81.4722,36.2294],[-81.4653,36.2266],[-81.4667,36.225],[-81.4664,36.2204],[-81.4635,36.2127],[-81.4612,36.2113],[-81.4618,36.2061],[-81.4599,36.2021],[-81.4558,36.2004],[-81.5004,36.1425],[-81.5455,36.1175],[-81.52,36.1026],[-81.5165,36.0975],[-81.5084,36.097],[-81.5016,36.1003],[-81.4957,36.1006],[-81.4935,36.0975],[-81.4893,36.0986],[-81.4844,36.096],[-81.4771,36.0968],[-81.4778,36.0928],[-81.4678,36.0855],[-81.46,36.091],[-81.454,36.0905],[-81.4532,36.0867],[-81.4474,36.083],[-81.4481,36.0794],[-81.4444,36.0755],[-81.4448,36.0721],[-81.4382,36.0753],[-81.4311,36.0753],[-81.4244,36.0779],[-81.4173,36.0708],[-81.4147,36.0727],[-81.4112,36.0728],[-81.4094,36.0707],[-81.4074,36.0718],[-81.4064,36.0678],[-81.4033,36.0659],[-81.3978,36.0664],[-81.4,36.0626],[-81.3965,36.0566],[-81.3895,36.0501],[-81.3973,36.0431],[-81.3964,36.0408],[-81.3815,36.0446],[-81.378,36.0407],[-81.3485,36.0258],[-81.345,36.0256],[-81.3267,35.9949],[-81.3176,35.9971],[-81.3158,36.0007],[-81.3139,36.0015],[-81.3144,36.0043],[-81.3086,36.0054],[-81.3014,36.0043],[-81.3004,36.0062],[-81.2881,36.0107],[-81.2839,36.0129],[-81.2845,36.0154],[-81.2812,36.0184],[-81.2721,36.0216],[-81.2685,36.025],[-81.2565,36.0265],[-81.2532,36.0254],[-81.2499,36.0273],[-81.2444,36.0248],[-81.2408,36.0263],[-81.2378,36.0309],[-81.2323,36.0302],[-81.2302,36.0315],[-81.2193,36.0298],[-81.2123,36.0341],[-81.2074,36.0327],[-81.2029,36.0361],[-81.1959,36.035],[-81.1903,36.0372],[-81.1895,36.0355],[-81.1858,36.0357],[-81.1825,36.0331],[-81.1757,36.0311],[-81.1738,36.0291],[-81.1749,36.0274],[-81.1739,36.0262],[-81.1673,36.0255],[-81.1455,36.0339],[-81.1398,36.0377],[-81.1368,36.0364],[-81.1235,36.0378],[-81.1215,36.0356],[-81.1158,36.0342],[-81.1121,36.0376],[-81.1083,36.0371],[-81.0986,36.0309],[-81.0981,36.0282],[-81.0576,36.0315],[-81.0485,36.0411],[-80.9877,36.0558]]]},"properties":{"GEOID":"37193","NAME":"Wilkes County"}},{"type":"Feature","geometry":{"type":"Polygon","coordinates":[[[-77.8996,36.5077],[-77.8998,36.5446],[-78.324,36.5438],[-78.2772,36.3061],[-78.2909,36.2903],[-78.2922,36.285],[-78.3021,36.2747],[-78.307,36.2662],[-78.2357,36.2583],[-78.2303,36.2559],[-78.2248,36.2565],[-78.2157,36.2519],[-78.1984,36.2516],[-78.1939,36.2468],[-78.1889,36.2477],[-78.1732,36.2555],[-78.1619,36.2479],[-78.1609,36.2456],[-78.157,36.2444],[-78.1487,36.2469],[-78.1423,36.246],[-78.1376,36.2476],[-78.1363,36.2459],[-78.1327,36.2463],[-78.1308,36.2404],[-78.125,36.2352],[-78.1266,36.2333],[-78.1257,36.2263],[-78.123,36.2263],[-78.1217,36.224],[-78.1189,36.2242],[-78.1148,36.2167],[-78.112,36.2175],[-78.1106,36.2161],[-78.1101,36.2102],[-78.1049,36.2107],[-78.1027,36.2089],[-78.0984,36.2108],[-78.0974,36.2089],[-78.0943,36.2103],[-78.0916,36.2077],[-78.0849,36.2092],[-78.0832,36.2126],[-78.077,36.2115],[-78.074,36.2154],[-78.0713,36.2153],[-78.071,36.2166],[-78.0685,36.215],[-78.0662,36.2165],[-78.0637,36.2139],[-78.0583,36.2128],[-78.0582,36.211],[-78.0445,36.2154],[-78.0433,36.2139],[-78.0454,36.2125],[-78.0372,36.2105],[-78.0389,36.2088],[-78.0354,36.207],[-78.0312,36.209],[-78.0305,36.2145],[-78.0288,36.2103],[-78.0247,36.2095],[-78.0252,36.2082],[-78.0238,36.2083],[-78.0223,36.2054],[-78.0186,36.205],[-78.0162,36.2078],[-78.0141,36.2052],[-78.0117,36.2061],[-78.0066,36.2026],[-77.9424,36.2985],[-77.912,36.3824],[-77.9121,36.4249],[-77.918,36.4295],[-77.9201,36.4361],[-77.9173,36.4407],[-77.9118,36.4428],[-77.9092,36.4739],[-77.9056,36.4909],[-77.8995,36.5042],[-77.8996,36.5077]]]},"properties":{"GEOID":"37185","NAME":"Warren County"}},{"type":"Feature","geometry":{"type":"Polygon","coordinates":[[[-77.6187,34.5871],[-77.6801,34.7206],[-77.9215,34.7197],[-77.9306,34.723],[-77.9359,34.7224],[-77.9354,34.7207],[-77.9376,34.7202],[-77.9384,34.7234],[-77.9409,34.721],[-77.9397,34.7201],[-77.9516,34.7179],[-77.952,34.7147],[-77.956,34.7151],[-77.9561,34.7165],[-77.9588,34.7159],[-77.9615,34.72],[-77.9701,34.7177],[-77.9702,34.7195],[-77.9741,34.7191],[-77.9754,34.7185],[-77.9732,34.7177],[-77.9746,34.7146],[-77.9794,34.7169],[-77.9787,34.7151],[-77.981,34.7139],[-77.9816,34.7159],[-77.9848,34.7149],[-77.9873,34.7175],[-77.9919,34.716],[-77.9945,34.7171],[-77.9979,34.7218],[-78.0031,34.724],[-78.0026,34.7261],[-78.008,34.7263],[-78.0075,34.7287],[-78.0105,34.7298],[-78.0094,34.7314],[-78.0127,34.7326],[-78.0141,34.7312],[-78.0161,34.7326],[-78.0235,34.7304],[-78.0253,34.7263],[-78.0288,34.7268],[-78.0297,34.7248],[-78.0324,34.7275],[-78.036,34.7258],[-78.0367,34.7274],[-78.0392,34.7261],[-78.0406,34.7276],[-78.052,34.7251],[-78.0563,34.727],[-78.0662,34.7279],[-78.0816,34.7226],[-78.0871,34.7261],[-78.0941,34.724],[-78.102,34.7256],[-78.114,34.7218],[-78.1135,34.7072],[-78.1565,34.6791],[-78.2575,34.5491],[-78.2626,34.544],[-78.2725,34.538],[-78.27,34.5357],[-78.2703,34.5322],[-78.263,34.5288],[-78.2656,34.5268],[-78.2631,34.5249],[-78.2643,34.5198],[-78.2541,34.5201],[-78.2566,34.5167],[-78.2556,34.5134],[-78.2527,34.5135],[-78.2514,34.5112],[-78.2521,34.51],[-78.2543,34.5116],[-78.2555,34.5088],[-78.2521,34.5062],[-78.2524,34.5047],[-78.2456,34.4999],[-78.2417,34.5002],[-78.2372,34.4963],[-78.2356,34.4925],[-78.2237,34.4906],[-78.2241,34.4929],[-78.2223,34.4932],[-78.2172,34.4874],[-78.2128,34.4888],[-78.2121,34.4861],[-78.2073,34.4877],[-78.2087,34.4865],[-78.2054,34.4826],[-78.2065,34.4805],[-78.2035,34.476],[-78.1912,34.4734],[-78.1893,34.4717],[-78.1898,34.4693],[-78.1851,34.4678],[-78.1822,34.4698],[-78.18,34.4658],[-78.1765,34.4654],[-78.2561,34.3995],[-78.2526,34.3912],[-78.2466,34.3933],[-78.245,34.3899],[-78.2456,34.3851],[-78.2367,34.3804],[-78.2352,34.3742],[-78.2327,34.374],[-78.2288,34.3789],[-78.2248,34.3735],[-78.2106,34.3688],[-78.2118,34.3626],[-78.2102,34.358],[-78.2025,34.3533],[-78.1929,34.3527],[-78.1793,34.3553],[-78.1747,34.3512],[-78.1692,34.357],[-78.1585,34.3575],[-78.1535,34.3656],[-78.1484,34.367],[-78.1431,34.3645],[-78.1401,34.3651],[-78.1407,34.3691],[-78.1367,34.3718],[-78.132,34.3667],[-78.1221,34.3684],[-78.1174,34.3646],[-78.1134,34.3644],[-78.113,34.3602],[-78.1068,34.3581],[-78.1034,34.3552],[-78.0948,34.356],[-78.0928,34.3524],[-78.0861,34.3514],[-78.0791,34.3542],[-78.0797,34.352],[-78.0746,34.3472],[-78.0783,34.3389],[-78.0597,34.3376],[-78.0591,34.3451],[-78.0523,34.3395],[-78.054,34.3356],[-78.048,34.3361],[-78.0473,34.3307],[-78.0433,34.3303],[-78.0382,34.3324],[-78.0339,34.3301],[-78.0307,34.3318],[-77.9932,34.3368],[-77.9941,34.3426],[-77.9877,34.3519],[-77.978,34.357],[-77.9804,34.3611],[-77.9881,34.3639],[-77.9877,34.3711],[-77.9839,34.3731],[-77.9756,34.3723],[-77.9622,34.3829],[-77.9588,34.3804],[-77.9617,34.3734],[-77.9593,34.3699],[-77.951,34.3645],[-77.9491,34.3715],[-77.9399,34.3698],[-77.9409,34.3627],[-77.935,34.358],[-77.9332,34.3593],[-77.9351,34.3644],[-77.9341,34.367],[-77.931,34.3677],[-77.9318,34.3617],[-77.9288,34.3615],[-77.9223,34.3677],[-77.9171,34.3757],[-77.9072,34.3753],[-77.9006,34.378],[-77.8994,34.3752],[-77.9,34.3678],[-77.8985,34.3652],[-77.8958,34.3638],[-77.887,34.3642],[-77.8799,34.3663],[-77.8715,34.3733],[-77.8586,34.3797],[-77.8438,34.3809],[-77.823,34.3894],[-77.8208,34.3849],[-77.8186,34.3858],[-77.8148,34.3815],[-77.8105,34.382],[-77.8047,34.3768],[-77.8051,34.3741],[-77.8079,34.3736],[-77.8099,34.3688],[-77.8151,34.3672],[-77.8121,34.3652],[-77.8143,34.3628],[-77.8127,34.359],[-77.752,34.3033],[-77.7481,34.3036],[-77.7448,34.301],[-77.7406,34.3013],[-77.7416,34.2958],[-77.7392,34.2928],[-77.7333,34.2945],[-77.7251,34.2928],[-77.7152,34.2992],[-77.7105,34.298],[-77.7147,34.2915],[-77.6753,34.2531],[-77.6632,34.2635],[-77.6558,34.274],[-77.6236,34.3032],[-77.6086,34.3101],[-77.5949,34.3237],[-77.5567,34.3537],[-77.5162,34.3824],[-77.4845,34.3997],[-77.5322,34.4573],[-77.5372,34.4592],[-77.5391,34.463],[-77.5415,34.4632],[-77.541,34.4648],[-77.544,34.4633],[-77.5435,34.4652],[-77.5455,34.4648],[-77.5459,34.4667],[-77.5487,34.467],[-77.5534,34.4715],[-77.5583,34.4694],[-77.5615,34.4713],[-77.5628,34.4695],[-77.5675,34.4698],[-77.5718,34.4725],[-77.5724,34.477],[-77.5761,34.4765],[-77.5749,34.4787],[-77.5762,34.482],[-77.5773,34.4815],[-77.5766,34.4828],[-77.6187,34.5871]]]},"properties":{"GEOID":"37141","NAME":"Pender County"}},{"type":"Feature","geometry":{"type":"Polygon","coordinates":[[[-82.7978,35.3613],[-82.7975,35.3588],[-82.8009,35.3567],[-82.8011,35.3536],[-82.8051,35.348],[-82.8147,35.3444],[-82.8132,35.3395],[-82.8151,35.3361],[-82.823,35.3319],[-82.8251,35.3278],[-82.825,35.3242],[-82.8295,35.3227],[-82.8319,35.3184],[-82.8453,35.319],[-82.8579,35.317],[-82.8612,35.3144],[-82.8698,35.3158],[-82.8728,35.314],[-82.8769,35.3145],[-82.885,35.308],[-82.8929,35.3077],[-82.8949,35.3055],[-82.8995,35.3055],[-82.9084,35.2991],[-82.9145,35.2974],[-82.9176,35.2917],[-82.9209,35.292],[-82.9222,35.2832],[-82.92,35.276],[-82.9213,35.2729],[-82.9192,35.2708],[-82.9253,35.2534],[-82.9248,35.2456],[-82.9285,35.2414],[-82.9272,35.2388],[-82.9285,35.2347],[-82.9313,35.2327],[-82.932,35.2289],[-82.9356,35.225],[-82.946,35.2228],[-82.9596,35.2155],[-82.9602,35.2055],[-82.9632,35.2012],[-82.9679,35.1993],[-82.9695,35.1938],[-82.9872,35.1875],[-82.9885,35.1831],[-82.9854,35.1798],[-82.9886,35.1745],[-82.9818,35.1699],[-82.9812,35.1676],[-82.9966,35.1636],[-82.9959,35.1614],[-82.9976,35.1585],[-82.9948,35.1535],[-82.9927,35.153],[-82.9891,35.1484],[-82.9848,35.1502],[-82.9801,35.1473],[-82.9815,35.1436],[-82.9785,35.1408],[-82.9796,35.1391],[-82.9767,35.1355],[-82.9768,35.1327],[-82.979,35.1303],[-82.9832,35.1319],[-83.036,35.083],[-83.0374,35.0797],[-83.044,35.0782],[-83.0453,35.0751],[-83.0434,35.0715],[-83.0486,35.0646],[-83.0487,35.061],[-83.0517,35.0563],[-83.0566,35.0536],[-83.0473,35.0505],[-83.0438,35.0515],[-83.039,35.0479],[-83.038,35.0422],[-83.0334,35.0407],[-83.0326,35.0378],[-83.0286,35.0399],[-83.0181,35.0371],[-83.0085,35.0274],[-82.7832,35.0859],[-82.7762,35.0812],[-82.777,35.0776],[-82.7787,35.0774],[-82.7774,35.0754],[-82.7801,35.0724],[-82.7789,35.0706],[-82.7821,35.0669],[-82.7817,35.0653],[-82.7741,35.0648],[-82.7701,35.0677],[-82.7646,35.0684],[-82.7572,35.0672],[-82.7531,35.0698],[-82.7511,35.0739],[-82.7514,35.0815],[-82.7389,35.0781],[-82.7397,35.0805],[-82.7351,35.0842],[-82.7353,35.0872],[-82.7303,35.0877],[-82.73,35.092],[-82.7267,35.0947],[-82.7158,35.0929],[-82.7001,35.1009],[-82.6997,35.0963],[-82.6976,35.096],[-82.6868,35.108],[-82.6871,35.1108],[-82.6936,35.1132],[-82.6945,35.1162],[-82.6923,35.1189],[-82.6877,35.119],[-82.6864,35.1212],[-82.6873,35.1253],[-82.6817,35.128],[-82.6749,35.1273],[-82.6733,35.1221],[-82.6748,35.1178],[-82.6736,35.1173],[-82.6692,35.1206],[-82.6669,35.1181],[-82.663,35.1181],[-82.6557,35.1199],[-82.6519,35.1231],[-82.6519,35.1262],[-82.6449,35.127],[-82.6433,35.1338],[-82.6396,35.1299],[-82.6365,35.1301],[-82.6361,35.1255],[-82.6288,35.1258],[-82.6242,35.1306],[-82.6237,35.1336],[-82.6149,35.1362],[-82.6131,35.1397],[-82.5978,35.1377],[-82.5926,35.1386],[-82.5919,35.1413],[-82.5883,35.1428],[-82.5785,35.141],[-82.5771,35.1447],[-82.5748,35.1454],[-82.5776,35.1464],[-82.5773,35.1481],[-82.5792,35.15],[-82.5854,35.1518],[-82.5867,35.1559],[-82.5858,35.1588],[-82.5892,35.1597],[-82.5907,35.162],[-82.5986,35.197],[-82.604,35.2218],[-82.6043,35.2589],[-82.611,35.2615],[-82.6144,35.2595],[-82.6162,35.2602],[-82.6102,35.2882],[-82.619,35.2884],[-82.6234,35.2954],[-82.6222,35.303],[-82.6192,35.3037],[-82.6505,35.3318],[-82.7451,35.423],[-82.7495,35.413],[-82.7461,35.4102],[-82.7456,35.4073],[-82.7501,35.4067],[-82.7544,35.403],[-82.7598,35.4023],[-82.7646,35.3962],[-82.7745,35.3933],[-82.7773,35.3886],[-82.7817,35.3868],[-82.7822,35.3833],[-82.7878,35.381],[-82.7917,35.3672],[-82.7958,35.3647],[-82.7978,35.3613]]]},"properties":{"GEOID":"37175","NAME":"Transylvania County"}},{"type":"Feature","geometry":{"type":"Polygon","coordinates":[[[-80.446,36.4546],[-80.4403,36.5507],[-80.73,36.5623],[-80.8378,36.5591],[-80.9016,36.5618],[-80.9175,36.5241],[-80.9216,36.5259],[-80.9269,36.5012],[-80.9639,36.4593],[-80.9736,36.4535],[-80.9472,36.4191],[-80.9672,36.402],[-80.9645,36.399],[-80.9574,36.3974],[-80.9552,36.3946],[-80.9573,36.3877],[-80.9558,36.3847],[-80.9518,36.3835],[-80.9421,36.3736],[-80.9325,36.3693],[-80.931,36.3667],[-80.9238,36.3644],[-80.9203,36.3673],[-80.9171,36.3676],[-80.9106,36.3624],[-80.9058,36.3611],[-80.8932,36.3411],[-80.8801,36.3339],[-80.8768,36.3335],[-80.8757,36.3309],[-80.8687,36.3264],[-80.8732,36.2363],[-80.8676,36.2391],[-80.8492,36.2409],[-80.8257,36.2498],[-80.8183,36.2505],[-80.8087,36.2543],[-80.8023,36.2526],[-80.8001,36.2495],[-80.7965,36.248],[-80.784,36.2528],[-80.7784,36.2569],[-80.78,36.2689],[-80.7758,36.274],[-80.7687,36.275],[-80.7599,36.2693],[-80.7554,36.2641],[-80.7518,36.2634],[-80.7439,36.2715],[-80.7418,36.2778],[-80.7376,36.2804],[-80.7321,36.2765],[-80.7346,36.2688],[-80.7333,36.2672],[-80.7207,36.2701],[-80.713,36.2667],[-80.7032,36.266],[-80.6846,36.2688],[-80.6787,36.2642],[-80.6768,36.2569],[-80.6732,36.2522],[-80.6682,36.2509],[-80.6551,36.2521],[-80.6479,36.257],[-80.6477,36.2635],[-80.6433,36.2724],[-80.6389,36.2734],[-80.6307,36.2723],[-80.6272,36.2742],[-80.6264,36.2776],[-80.6316,36.2851],[-80.6278,36.2879],[-80.6223,36.2857],[-80.615,36.2796],[-80.5933,36.2698],[-80.573,36.2802],[-80.5596,36.283],[-80.5541,36.2824],[-80.5471,36.2853],[-80.5393,36.2821],[-80.5367,36.2793],[-80.5355,36.2713],[-80.5374,36.2627],[-80.5342,36.2585],[-80.5092,36.2584],[-80.5052,36.2599],[-80.4837,36.256],[-80.4771,36.2607],[-80.471,36.261],[-80.4634,36.2575],[-80.4613,36.2536],[-80.4609,36.2478],[-80.4527,36.2417],[-80.446,36.4546]]]},"properties":{"GEOID":"37171","NAME":"Surry County"}},{"type":"Feature","geometry":{"type":"Polygon","coordinates":[[[-79.9097,35.1625],[-79.8986,35.1617],[-79.8513,35.1839],[-79.8361,35.1772],[-79.83,35.1771],[-79.8245,35.1791],[-79.8187,35.1779],[-79.8119,35.1799],[-79.792,35.176],[-79.7684,35.1772],[-79.7495,35.173],[-79.734,35.1782],[-79.7254,35.1748],[-79.7133,35.1731],[-79.6944,35.1796],[-79.6937,35.1782],[-79.6836,35.1766],[-79.6798,35.1774],[-79.6735,35.1754],[-79.6711,35.1728],[-79.663,35.1706],[-79.6574,35.1645],[-79.6421,35.1577],[-79.6143,35.1637],[-79.616,35.1684],[-79.6177,35.168],[-79.6202,35.1712],[-79.6275,35.1701],[-79.6277,35.1745],[-79.637,35.176],[-79.6493,35.1886],[-79.6576,35.1916],[-79.6621,35.2048],[-79.6621,35.2119],[-79.6648,35.2165],[-79.6643,35.2266],[-79.6686,35.2296],[-79.6679,35.2345],[-79.6693,35.235],[-79.6695,35.2399],[-79.6723,35.2447],[-79.6816,35.2481],[-79.6854,35.2477],[-79.6879,35.25],[-79.698,35.2515],[-79.7027,35.2559],[-79.7053,35.2682],[-79.7119,35.2756],[-79.7125,35.2866],[-79.7105,35.2926],[-79.7113,35.2997],[-79.7099,35.3013],[-79.7517,35.444],[-79.7642,35.4757],[-79.768,35.5115],[-80.1826,35.5042],[-80.18,35.4999],[-80.1787,35.4909],[-80.1762,35.4854],[-80.1659,35.4802],[-80.1617,35.4752],[-80.1491,35.4726],[-80.1399,35.4751],[-80.1293,35.4671],[-80.1183,35.4653],[-80.1099,35.461],[-80.1082,35.4572],[-80.1087,35.4451],[-80.0975,35.4381],[-80.0977,35.4339],[-80.1005,35.4299],[-80.0959,35.4254],[-80.0901,35.4156],[-80.0937,35.402],[-80.0873,35.3989],[-80.0839,35.3951],[-80.075,35.3951],[-80.0661,35.3895],[-80.0623,35.3861],[-80.0579,35.3777],[-80.0512,35.3715],[-80.0541,35.366],[-80.0654,35.3605],[-80.0663,35.3406],[-80.0819,35.3215],[-80.0795,35.3111],[-80.0805,35.3076],[-80.0929,35.2902],[-80.0941,35.2866],[-80.0922,35.272],[-80.0984,35.2581],[-80.0915,35.2368],[-80.0774,35.2282],[-80.0698,35.2183],[-80.0617,35.2003],[-80.0608,35.1892],[-80.0533,35.1786],[-80.0531,35.1726],[-80.0569,35.164],[-80.0688,35.1551],[-80.0754,35.1431],[-80.0411,35.1397],[-80.0337,35.1403],[-80.0229,35.1372],[-80.0022,35.149],[-79.9887,35.154],[-79.9834,35.1585],[-79.975,35.1566],[-79.9665,35.1582],[-79.9545,35.1564],[-79.9494,35.1576],[-79.9443,35.1642],[-79.9097,35.1625]]]},"properties":{"GEOID":"37123","NAME":"Montgomery County"}},{"type":"Feature","geometry":{"type":"Polygon","coordinates":[[[-83.3638,35.4269],[-83.3607,35.4118],[-83.3557,35.4099],[-83.3518,35.4111],[-83.348,35.4054],[-83.3491,35.4012],[-83.3436,35.3974],[-83.3411,35.3974],[-83.34,35.3955],[-83.3429,35.3942],[-83.3459,35.3893],[-83.3374,35.3821],[-83.3385,35.3761],[-83.337,35.3711],[-83.3347,35.3689],[-83.3351,35.3598],[-83.3314,35.3537],[-83.3365,35.3465],[-83.3358,35.3429],[-83.3403,35.3374],[-83.3406,35.3331],[-83.3342,35.3257],[-83.3344,35.3205],[-83.3319,35.316],[-83.3247,35.3143],[-83.3214,35.312],[-83.323,35.3082],[-83.3229,35.3014],[-83.317,35.2982],[-83.3167,35.2926],[-83.3185,35.2889],[-83.312,35.2815],[-83.3158,35.2741],[-83.3139,35.2691],[-83.3158,35.2647],[-83.3104,35.2641],[-83.3113,35.2597],[-83.3084,35.2571],[-83.2982,35.2557],[-83.2952,35.2476],[-83.2969,35.2426],[-83.2942,35.2414],[-83.2936,35.2356],[-83.2841,35.2319],[-83.281,35.2287],[-83.272,35.2281],[-83.2614,35.2311],[-83.2452,35.2315],[-83.243,35.2392],[-83.2327,35.2402],[-83.2241,35.2387],[-83.2218,35.2289],[-83.2165,35.2232],[-83.2184,35.2211],[-83.2185,35.2173],[-83.216,35.2131],[-83.2163,35.2087],[-83.2195,35.2059],[-83.2196,35.2013],[-83.2174,35.1992],[-83.2193,35.1966],[-83.2167,35.1949],[-83.2225,35.1928],[-83.2246,35.1885],[-83.2232,35.1838],[-83.2253,35.1771],[-83.2225,35.1679],[-83.2239,35.1573],[-83.2206,35.1588],[-83.2129,35.158],[-83.2095,35.1505],[-83.1939,35.1404],[-83.1914,35.1358],[-83.1867,35.1335],[-83.1864,35.1285],[-83.1832,35.1258],[-83.183,35.1192],[-83.1786,35.1157],[-83.1775,35.1091],[-83.1721,35.1054],[-83.1681,35.1054],[-83.1601,35.0981],[-83.1525,35.0982],[-83.1521,35.0956],[-83.1468,35.0921],[-83.1475,35.0885],[-83.1428,35.0787],[-83.1575,35.0784],[-83.1647,35.0712],[-83.1715,35.0697],[-83.1717,35.0651],[-83.1691,35.0619],[-83.1707,35.0602],[-83.1632,35.0565],[-83.159,35.0571],[-83.1485,35.0541],[-83.1358,35.0381],[-83.1309,35.0386],[-83.1327,35.0338],[-83.1301,35.0261],[-83.1263,35.0229],[-83.1264,35.0157],[-83.1171,35.0117],[-83.1126,35.0133],[-83.1085,35.0095],[-83.1097,35.0029],[-83.1086,35.0014],[-83.0085,35.0274],[-83.0181,35.0371],[-83.0286,35.0399],[-83.0326,35.0378],[-83.0334,35.0407],[-83.038,35.0422],[-83.039,35.0479],[-83.0438,35.0515],[-83.0473,35.0505],[-83.0569,35.0539],[-83.0522,35.0559],[-83.0487,35.061],[-83.0486,35.0646],[-83.0434,35.0715],[-83.0453,35.0751],[-83.044,35.0782],[-83.0374,35.0797],[-83.036,35.083],[-82.9832,35.1319],[-82.979,35.1303],[-82.9765,35.1333],[-82.9795,35.1389],[-82.9785,35.1408],[-82.9815,35.1436],[-82.9801,35.1473],[-82.9848,35.1502],[-82.9891,35.1484],[-82.9927,35.153],[-82.9948,35.1535],[-82.9976,35.1585],[-82.9959,35.1614],[-82.9966,35.1636],[-82.9812,35.1676],[-82.9818,35.1699],[-82.9886,35.1745],[-82.9854,35.1798],[-82.9885,35.1831],[-82.9872,35.1875],[-82.9695,35.1938],[-82.9679,35.1993],[-82.9632,35.2012],[-82.9602,35.2055],[-82.9596,35.2155],[-82.946,35.2228],[-82.9356,35.225],[-82.932,35.2289],[-82.9313,35.2327],[-82.9284,35.2349],[-82.9272,35.2388],[-82.9285,35.2414],[-82.9248,35.2456],[-82.9253,35.2534],[-82.9192,35.2709],[-82.9213,35.2729],[-82.92,35.276],[-82.9222,35.2832],[-82.9209,35.292],[-82.9274,35.3029],[-82.9307,35.303],[-82.9326,35.3051],[-82.9354,35.3039],[-82.9504,35.3066],[-82.9511,35.312],[-82.9545,35.3138],[-82.9552,35.3164],[-82.9647,35.3153],[-82.9658,35.3194],[-82.9635,35.3251],[-82.9648,35.3333],[-82.9717,35.3428],[-82.9777,35.3441],[-82.9765,35.3499],[-82.9862,35.3559],[-82.9902,35.3674],[-82.9934,35.3685],[-82.9972,35.373],[-83.0066,35.3773],[-83.0248,35.3802],[-83.0299,35.3873],[-83.0396,35.3938],[-83.0437,35.3944],[-83.0428,35.3982],[-83.0449,35.4086],[-83.0444,35.4151],[-83.0529,35.4211],[-83.0533,35.4238],[-83.0563,35.426],[-83.0618,35.4253],[-83.0677,35.4291],[-83.0752,35.4306],[-83.0771,35.4336],[-83.08,35.4345],[-83.0788,35.4369],[-83.0804,35.4415],[-83.0795,35.4476],[-83.09,35.4484],[-83.0914,35.4575],[-83.109,35.4641],[-83.1221,35.4655],[-83.1321,35.4631],[-83.1377,35.4641],[-83.1364,35.473],[-83.138,35.4756],[-83.1365,35.4792],[-83.1405,35.4843],[-83.1374,35.4888],[-83.1386,35.4912],[-83.1421,35.4936],[-83.1611,35.4962],[-83.16,35.502],[-83.1641,35.5094],[-83.1845,35.5107],[-83.1863,35.5144],[-83.1955,35.5193],[-83.2048,35.5194],[-83.2077,35.518],[-83.2111,35.5197],[-83.2162,35.526],[-83.22,35.5248],[-83.2275,35.5256],[-83.2327,35.5233],[-83.2361,35.5246],[-83.2418,35.519],[-83.2547,35.5138],[-83.2578,35.5131],[-83.2617,35.5146],[-83.2644,35.5109],[-83.2644,35.5065],[-83.2724,35.5047],[-83.2754,35.5005],[-83.2835,35.4974],[-83.2864,35.4925],[-83.2853,35.4889],[-83.2917,35.4831],[-83.297,35.4843],[-83.3049,35.4786],[-83.3089,35.4793],[-83.3118,35.4715],[-83.3179,35.4653],[-83.332,35.4699],[-83.3359,35.4749],[-83.3457,35.4734],[-83.3517,35.4681],[-83.359,35.4403],[-83.3574,35.4376],[-83.3638,35.4269]]]},"properties":{"GEOID":"37099","NAME":"Jackson County"}},{"type":"Feature","geometry":{"type":"Polygon","coordinates":[[[-82.5439,35.4235],[-82.5469,35.4252],[-82.5423,35.4313],[-82.5464,35.4406],[-82.5494,35.4406],[-82.5488,35.4443],[-82.5612,35.4432],[-82.5619,35.4376],[-82.5679,35.4379],[-82.568,35.435],[-82.5706,35.431],[-82.5807,35.4333],[-82.5829,35.4362],[-82.587,35.4381],[-82.595,35.4357],[-82.6084,35.4433],[-82.6145,35.4398],[-82.6181,35.4402],[-82.6217,35.4357],[-82.6352,35.4429],[-82.642,35.4443],[-82.6441,35.4491],[-82.6506,35.4519],[-82.6529,35.455],[-82.6606,35.4528],[-82.6654,35.4572],[-82.6731,35.4595],[-82.6798,35.4541],[-82.6953,35.4545],[-82.6993,35.453],[-82.7007,35.4543],[-82.712,35.4484],[-82.7149,35.4484],[-82.7254,35.4376],[-82.7304,35.4356],[-82.7309,35.4323],[-82.7392,35.43],[-82.7451,35.423],[-82.6505,35.3318],[-82.6192,35.3037],[-82.6222,35.303],[-82.6234,35.2954],[-82.619,35.2884],[-82.6102,35.2882],[-82.6162,35.2602],[-82.6144,35.2595],[-82.611,35.2615],[-82.6043,35.2589],[-82.604,35.2218],[-82.591,35.1628],[-82.5892,35.1597],[-82.5858,35.1588],[-82.5867,35.1559],[-82.5854,35.1518],[-82.5792,35.15],[-82.5773,35.1481],[-82.5776,35.1464],[-82.5727,35.1442],[-82.5681,35.1457],[-82.5678,35.149],[-82.5642,35.1524],[-82.5579,35.1507],[-82.5542,35.1524],[-82.5532,35.1534],[-82.5559,35.1565],[-82.5556,35.1595],[-82.5532,35.1616],[-82.5477,35.1621],[-82.5459,35.1642],[-82.5447,35.1619],[-82.5368,35.16],[-82.5359,35.1545],[-82.5324,35.1561],[-82.5277,35.1557],[-82.5198,35.1592],[-82.5169,35.1632],[-82.5077,35.1623],[-82.5042,35.1659],[-82.4955,35.162],[-82.4955,35.1645],[-82.4922,35.1682],[-82.487,35.1698],[-82.4863,35.1742],[-82.48,35.1742],[-82.4782,35.176],[-82.4749,35.1739],[-82.4682,35.1744],[-82.4607,35.1779],[-82.455,35.1769],[-82.4518,35.1726],[-82.4579,35.167],[-82.4573,35.1639],[-82.4509,35.1657],[-82.4399,35.1657],[-82.4346,35.168],[-82.4355,35.1705],[-82.4324,35.1724],[-82.4308,35.1779],[-82.4259,35.1794],[-82.4283,35.1838],[-82.4252,35.19],[-82.4228,35.1908],[-82.4242,35.1931],[-82.4226,35.1959],[-82.4165,35.201],[-82.4158,35.1992],[-82.4122,35.2024],[-82.4001,35.2052],[-82.3983,35.2069],[-82.3994,35.2093],[-82.3938,35.2152],[-82.3899,35.2155],[-82.3877,35.2124],[-82.3839,35.2108],[-82.3821,35.2034],[-82.3779,35.1958],[-82.3831,35.1942],[-82.3833,35.1913],[-82.3811,35.1878],[-82.3765,35.1856],[-82.3726,35.1808],[-82.3692,35.1806],[-82.3658,35.183],[-82.3619,35.1867],[-82.3645,35.1883],[-82.364,35.1895],[-82.3608,35.1903],[-82.3596,35.1925],[-82.3538,35.191],[-82.3509,35.2283],[-82.3593,35.2283],[-82.3592,35.2445],[-82.3497,35.2443],[-82.3461,35.2862],[-82.3418,35.2886],[-82.3412,35.2915],[-82.3377,35.2944],[-82.3379,35.2965],[-82.3305,35.3027],[-82.3295,35.3076],[-82.3266,35.3092],[-82.3188,35.3079],[-82.3181,35.3067],[-82.3142,35.313],[-82.3104,35.3147],[-82.3113,35.3201],[-82.308,35.3221],[-82.3081,35.327],[-82.3057,35.3267],[-82.3053,35.3326],[-82.3025,35.3352],[-82.2981,35.3359],[-82.298,35.3397],[-82.29,35.3518],[-82.29,35.3538],[-82.2821,35.3608],[-82.2798,35.3651],[-82.2814,35.3676],[-82.2767,35.3747],[-82.2614,35.3886],[-82.2618,35.3945],[-82.2702,35.4005],[-82.2685,35.4062],[-82.2726,35.4097],[-82.2727,35.4188],[-82.2758,35.4233],[-82.2734,35.4307],[-82.2806,35.4428],[-82.2658,35.4678],[-82.3334,35.5002],[-82.338,35.4983],[-82.3396,35.4946],[-82.3387,35.4909],[-82.341,35.4889],[-82.3454,35.4878],[-82.3564,35.4907],[-82.3589,35.4892],[-82.3609,35.4851],[-82.3693,35.4855],[-82.3693,35.4825],[-82.3719,35.4799],[-82.3697,35.4755],[-82.3707,35.472],[-82.368,35.4687],[-82.3672,35.464],[-82.3631,35.461],[-82.3685,35.4606],[-82.3812,35.4636],[-82.3882,35.47],[-82.4003,35.4713],[-82.4019,35.4698],[-82.407,35.4738],[-82.4113,35.4721],[-82.4176,35.4745],[-82.423,35.4706],[-82.4272,35.4704],[-82.4305,35.4653],[-82.435,35.4629],[-82.4458,35.4609],[-82.4469,35.4582],[-82.4539,35.4555],[-82.4558,35.4497],[-82.4613,35.4509],[-82.4706,35.4452],[-82.5349,35.4444],[-82.5365,35.4369],[-82.5291,35.4361],[-82.5298,35.4228],[-82.5355,35.4224],[-82.5332,35.4164],[-82.5359,35.4222],[-82.5385,35.4214],[-82.5398,35.4233],[-82.5439,35.4235]]]},"properties":{"GEOID":"37089","NAME":"Henderson County"}},{"type":"Feature","geometry":{"type":"Polygon","coordinates":[[[-79.1432,36.4469],[-79.154,36.2419],[-78.8023,36.2358],[-78.7948,36.5264],[-78.7963,36.5417],[-79.1383,36.542],[-79.1432,36.4469]]]},"properties":{"GEOID":"37145","NAME":"Person County"}},{"type":"Feature","geometry":{"type":"Polygon","coordinates":[[[-82.5231,35.7983],[-82.5132,35.8034],[-82.5065,35.8028],[-82.5033,35.8009],[-82.499,35.8015],[-82.4952,35.7995],[-82.4883,35.8015],[-82.4758,35.7983],[-82.4652,35.8018],[-82.4637,35.8097],[-82.4543,35.8073],[-82.4471,35.8104],[-82.444,35.8088],[-82.4356,35.8085],[-82.4274,35.8138],[-82.4179,35.8134],[-82.4123,35.8147],[-82.4086,35.8182],[-82.414,35.8198],[-82.4143,35.8233],[-82.412,35.8268],[-82.4163,35.8292],[-82.4195,35.8419],[-82.4173,35.8475],[-82.4184,35.8504],[-82.4176,35.8594],[-82.4252,35.8612],[-82.4236,35.8695],[-82.4308,35.8742],[-82.4321,35.8767],[-82.4396,35.8794],[-82.4431,35.8847],[-82.4419,35.8875],[-82.4502,35.898],[-82.4537,35.8999],[-82.4635,35.8997],[-82.4748,35.9092],[-82.4829,35.909],[-82.4862,35.9071],[-82.4948,35.9095],[-82.4903,35.9171],[-82.4903,35.9211],[-82.4931,35.9212],[-82.4937,35.9238],[-82.498,35.9253],[-82.4985,35.9302],[-82.4957,35.9312],[-82.4903,35.937],[-82.488,35.943],[-82.4801,35.9492],[-82.4863,35.9541],[-82.4967,35.957],[-82.4963,35.9622],[-82.501,35.9661],[-82.5054,35.9774],[-82.5103,35.9773],[-82.5128,35.9753],[-82.5171,35.9758],[-82.5221,35.974],[-82.525,35.9711],[-82.5305,35.9723],[-82.5402,35.969],[-82.5447,35.9654],[-82.5499,35.9639],[-82.558,35.9539],[-82.5762,35.9587],[-82.5778,35.9643],[-82.5805,35.9652],[-82.592,35.9663],[-82.6001,35.9646],[-82.6107,35.9672],[-82.6109,35.9744],[-82.6044,35.9875],[-82.6071,35.9924],[-82.6129,35.9936],[-82.6149,36.002],[-82.6138,36.0049],[-82.6069,36.0104],[-82.6094,36.011],[-82.6078,36.0158],[-82.6028,36.0178],[-82.6029,36.0234],[-82.591,36.0316],[-82.5908,36.0336],[-82.5932,36.0362],[-82.6017,36.0361],[-82.6019,36.0387],[-82.6087,36.0444],[-82.6184,36.0469],[-82.617,36.0538],[-82.618,36.0559],[-82.6321,36.064],[-82.6328,36.0659],[-82.6372,36.0658],[-82.6515,36.0574],[-82.6593,36.0571],[-82.6663,36.053],[-82.6706,36.053],[-82.6749,36.0488],[-82.6841,36.0458],[-82.686,36.0414],[-82.6896,36.0382],[-82.6972,36.0358],[-82.6982,36.0342],[-82.7012,36.0344],[-82.7018,36.0326],[-82.7086,36.0297],[-82.7151,36.0286],[-82.7165,36.0224],[-82.7255,36.0182],[-82.7391,36.015],[-82.7403,36.0121],[-82.7508,36.0089],[-82.7502,36.006],[-82.7526,36.0062],[-82.7547,36.0043],[-82.7626,36.0048],[-82.7721,36.0007],[-82.7758,36.0011],[-82.7792,35.9923],[-82.7853,35.9885],[-82.7845,35.9819],[-82.7857,35.9778],[-82.7816,35.9743],[-82.7765,35.9741],[-82.7751,35.9718],[-82.778,35.9668],[-82.785,35.9625],[-82.7876,35.952],[-82.7914,35.951],[-82.7945,35.9469],[-82.7997,35.9447],[-82.8062,35.9378],[-82.8027,35.9296],[-82.8051,35.9271],[-82.8151,35.9255],[-82.8219,35.9218],[-82.8281,35.9324],[-82.8324,35.9328],[-82.8335,35.9356],[-82.8386,35.9373],[-82.8411,35.9417],[-82.8445,35.942],[-82.846,35.9462],[-82.8517,35.9493],[-82.8606,35.9475],[-82.8743,35.9528],[-82.8782,35.9501],[-82.889,35.9483],[-82.8927,35.945],[-82.8982,35.9452],[-82.9018,35.9379],[-82.8989,35.9299],[-82.9018,35.927],[-82.9059,35.9262],[-82.9106,35.9275],[-82.9122,35.9296],[-82.9198,35.9289],[-82.9192,35.9259],[-82.9135,35.9243],[-82.9116,35.9168],[-82.9144,35.9152],[-82.9097,35.911],[-82.908,35.9113],[-82.907,35.9074],[-82.9081,35.9042],[-82.901,35.8928],[-82.9068,35.8839],[-82.9036,35.8805],[-82.8983,35.8813],[-82.8961,35.8795],[-82.9009,35.8729],[-82.9066,35.8702],[-82.9108,35.8686],[-82.9208,35.8682],[-82.9214,35.8631],[-82.9182,35.8593],[-82.921,35.8509],[-82.9163,35.8417],[-82.9202,35.8394],[-82.9341,35.8367],[-82.9333,35.8305],[-82.936,35.8256],[-82.9458,35.8244],[-82.9482,35.8178],[-82.9518,35.8166],[-82.9616,35.8008],[-82.9629,35.7949],[-82.9618,35.791],[-82.9592,35.7895],[-82.9596,35.7869],[-82.9568,35.7851],[-82.9573,35.7825],[-82.9557,35.7827],[-82.9519,35.7795],[-82.9526,35.7766],[-82.95,35.7745],[-82.9522,35.7711],[-82.9501,35.7664],[-82.9531,35.7622],[-82.9527,35.7591],[-82.9555,35.7591],[-82.9569,35.7574],[-82.9551,35.7504],[-82.9572,35.7468],[-82.9534,35.7457],[-82.9529,35.7426],[-82.9479,35.7389],[-82.9361,35.7448],[-82.9265,35.745],[-82.923,35.7467],[-82.9177,35.7448],[-82.9156,35.7376],[-82.9077,35.7278],[-82.9086,35.7249],[-82.9067,35.7202],[-82.9104,35.7162],[-82.9019,35.7092],[-82.8986,35.7037],[-82.9005,35.6956],[-82.8983,35.6912],[-82.8986,35.687],[-82.9011,35.6849],[-82.8843,35.6781],[-82.8748,35.6835],[-82.8711,35.6889],[-82.8672,35.6889],[-82.8571,35.6934],[-82.8539,35.6967],[-82.8541,35.6995],[-82.8487,35.7018],[-82.8426,35.6995],[-82.839,35.6936],[-82.8267,35.6907],[-82.8244,35.6885],[-82.8156,35.6891],[-82.8049,35.6861],[-82.7977,35.6893],[-82.7973,35.692],[-82.7932,35.6965],[-82.7883,35.696],[-82.7855,35.6981],[-82.7749,35.7001],[-82.7694,35.6983],[-82.7562,35.7025],[-82.7516,35.707],[-82.75,35.7065],[-82.7515,35.7108],[-82.7461,35.7126],[-82.7448,35.7147],[-82.7371,35.7118],[-82.7361,35.7139],[-82.733,35.714],[-82.7368,35.7161],[-82.7326,35.7182],[-82.731,35.7224],[-82.7274,35.718],[-82.7206,35.7155],[-82.714,35.7177],[-82.711,35.7252],[-82.7089,35.7255],[-82.7095,35.7269],[-82.7137,35.727],[-82.71,35.7287],[-82.7121,35.733],[-82.7073,35.7322],[-82.7009,35.7347],[-82.6947,35.735],[-82.6918,35.7335],[-82.6902,35.7298],[-82.6853,35.727],[-82.6696,35.7258],[-82.6695,35.7302],[-82.6777,35.7346],[-82.6685,35.7347],[-82.6679,35.7377],[-82.5396,35.7918],[-82.5357,35.7911],[-82.5318,35.7958],[-82.5231,35.7983]]]},"properties":{"GEOID":"37115","NAME":"Madison County"}},{"type":"Feature","geometry":{"type":"Polygon","coordinates":[[[-78.8262,34.8507],[-78.902,34.8353],[-78.9003,34.8324],[-78.8998,34.8248],[-78.8959,34.8207],[-78.8928,34.8142],[-78.8871,34.8109],[-78.8833,34.8121],[-78.8867,34.8096],[-78.8839,34.8046],[-78.8848,34.8023],[-78.8776,34.7921],[-78.8771,34.788],[-78.87,34.7787],[-78.8708,34.7769],[-78.8687,34.7751],[-78.8692,34.7733],[-78.8661,34.7731],[-78.8638,34.7709],[-78.8653,34.7678],[-78.862,34.7598],[-78.8622,34.7567],[-78.8584,34.7535],[-78.8561,34.7478],[-78.8542,34.7355],[-78.8488,34.7326],[-78.8449,34.7271],[-78.8408,34.7273],[-78.8445,34.7241],[-78.8378,34.7179],[-78.8324,34.7197],[-78.8327,34.7156],[-78.8216,34.7096],[-78.8119,34.6944],[-78.8057,34.6892],[-78.8072,34.6814],[-78.8061,34.6761],[-78.8103,34.673],[-78.8094,34.6683],[-78.8137,34.6678],[-78.8194,34.6621],[-78.8184,34.655],[-78.8154,34.6547],[-78.8136,34.6517],[-78.8181,34.6508],[-78.8198,34.6456],[-78.8218,34.6457],[-78.8218,34.644],[-78.8191,34.6436],[-78.8185,34.6417],[-78.8228,34.643],[-78.8251,34.6407],[-78.8265,34.6383],[-78.8255,34.637],[-78.8276,34.6371],[-78.8272,34.6348],[-78.8298,34.6322],[-78.8284,34.6297],[-78.8306,34.6279],[-78.8298,34.6258],[-78.832,34.6258],[-78.8344,34.6216],[-78.8331,34.6181],[-78.8347,34.615],[-78.8315,34.6114],[-78.8317,34.6082],[-78.834,34.6016],[-78.8372,34.5984],[-78.8412,34.5972],[-78.8353,34.5975],[-78.836,34.5934],[-78.839,34.5897],[-78.8433,34.5878],[-78.8436,34.5785],[-78.848,34.5757],[-78.8542,34.575],[-78.8569,34.5689],[-78.857,34.5631],[-78.8614,34.5637],[-78.8627,34.5622],[-78.8627,34.56],[-78.858,34.5569],[-78.8608,34.5525],[-78.8576,34.547],[-78.8583,34.5456],[-78.8599,34.5477],[-78.8601,34.5449],[-78.8612,34.5449],[-78.8601,34.5374],[-78.8557,34.534],[-78.8555,34.5306],[-78.853,34.5278],[-78.8566,34.5247],[-78.8539,34.5188],[-78.8573,34.5154],[-78.8503,34.5138],[-78.8496,34.5125],[-78.8513,34.5122],[-78.8463,34.5106],[-78.8444,34.5081],[-78.8464,34.5041],[-78.8463,34.4998],[-78.8496,34.5001],[-78.8491,34.5026],[-78.8577,34.5012],[-78.8635,34.498],[-78.8694,34.4871],[-78.869,34.4848],[-78.8603,34.4832],[-78.8581,34.4744],[-78.8499,34.4736],[-78.8447,34.4689],[-78.8376,34.4676],[-78.8304,34.4626],[-78.8259,34.4617],[-78.6676,34.4696],[-78.6664,34.4647],[-78.6643,34.4627],[-78.6564,34.4603],[-78.6593,34.4536],[-78.6492,34.4607],[-78.6468,34.4607],[-78.6038,34.4411],[-78.594,34.4314],[-78.5804,34.429],[-78.5527,34.4208],[-78.4453,34.3774],[-78.4201,34.3781],[-78.3969,34.3707],[-78.3657,34.3728],[-78.3351,34.3676],[-78.2561,34.3995],[-78.1765,34.4654],[-78.18,34.4658],[-78.1822,34.4698],[-78.1851,34.4678],[-78.1898,34.4693],[-78.1893,34.4717],[-78.1912,34.4734],[-78.2035,34.476],[-78.2065,34.4805],[-78.2054,34.4826],[-78.2087,34.4865],[-78.2073,34.4877],[-78.2121,34.4861],[-78.2128,34.4888],[-78.2172,34.4874],[-78.2223,34.4932],[-78.2241,34.4929],[-78.2237,34.4906],[-78.236,34.4927],[-78.2372,34.4963],[-78.2392,34.4967],[-78.2387,34.4979],[-78.2435,34.5008],[-78.2456,34.4999],[-78.2553,34.5081],[-78.2543,34.5116],[-78.2512,34.5106],[-78.2525,34.5134],[-78.2558,34.5137],[-78.2565,34.5172],[-78.2541,34.5201],[-78.2643,34.5198],[-78.2631,34.5249],[-78.2656,34.5268],[-78.263,34.5288],[-78.2703,34.5322],[-78.27,34.5357],[-78.2726,34.5377],[-78.2608,34.5454],[-78.2545,34.5535],[-78.2569,34.5558],[-78.2604,34.5562],[-78.2517,34.562],[-78.2544,34.564],[-78.2547,34.5686],[-78.2577,34.5683],[-78.2622,34.5713],[-78.2607,34.5745],[-78.264,34.5765],[-78.2627,34.5788],[-78.2651,34.5791],[-78.2663,34.584],[-78.2713,34.581],[-78.2735,34.583],[-78.2752,34.5814],[-78.2749,34.5842],[-78.2804,34.589],[-78.2798,34.5911],[-78.2824,34.5907],[-78.2859,34.5938],[-78.2871,34.5931],[-78.289,34.5981],[-78.2927,34.5971],[-78.2911,34.6004],[-78.2942,34.6019],[-78.2979,34.5997],[-78.3008,34.6013],[-78.3029,34.6005],[-78.3028,34.6028],[-78.3053,34.6027],[-78.3035,34.6039],[-78.3048,34.6056],[-78.3041,34.6072],[-78.3064,34.6085],[-78.3046,34.611],[-78.3069,34.6134],[-78.311,34.612],[-78.3129,34.614],[-78.3112,34.6157],[-78.3144,34.619],[-78.3131,34.6259],[-78.3171,34.6263],[-78.3156,34.6272],[-78.3168,34.6285],[-78.3195,34.6272],[-78.3228,34.6297],[-78.314,34.6331],[-78.3169,34.6357],[-78.3126,34.6386],[-78.3114,34.6412],[-78.3134,34.6414],[-78.3127,34.6436],[-78.3139,34.6447],[-78.319,34.6458],[-78.318,34.6468],[-78.3209,34.6501],[-78.3221,34.6488],[-78.3247,34.6498],[-78.3229,34.6512],[-78.3241,34.6518],[-78.3227,34.6541],[-78.3266,34.6559],[-78.3255,34.6631],[-78.3272,34.6642],[-78.3261,34.666],[-78.3235,34.6655],[-78.3251,34.6692],[-78.3278,34.6691],[-78.3276,34.6709],[-78.333,34.6736],[-78.3341,34.6728],[-78.3346,34.6743],[-78.3385,34.6747],[-78.3423,34.6799],[-78.3445,34.6788],[-78.345,34.6804],[-78.3471,34.6804],[-78.3476,34.6823],[-78.3444,34.6839],[-78.3462,34.6842],[-78.347,34.6906],[-78.3487,34.6901],[-78.3488,34.6883],[-78.3503,34.6891],[-78.3495,34.6923],[-78.3552,34.6901],[-78.3581,34.6929],[-78.3619,34.6913],[-78.3627,34.6933],[-78.3606,34.6938],[-78.3619,34.6955],[-78.3656,34.6951],[-78.3666,34.6931],[-78.3691,34.6968],[-78.3734,34.6992],[-78.3738,34.7015],[-78.3693,34.7004],[-78.3717,34.7024],[-78.3685,34.7045],[-78.3774,34.7098],[-78.3764,34.7115],[-78.3778,34.7125],[-78.3762,34.7128],[-78.3823,34.7173],[-78.3795,34.7205],[-78.3793,34.7234],[-78.3829,34.7236],[-78.3835,34.7264],[-78.392,34.7298],[-78.3929,34.7327],[-78.3876,34.7381],[-78.3928,34.7421],[-78.3929,34.7442],[-78.39,34.7448],[-78.3919,34.7482],[-78.3909,34.7497],[-78.3952,34.7511],[-78.3988,34.7501],[-78.4008,34.7517],[-78.4003,34.753],[-78.4037,34.7546],[-78.4035,34.7571],[-78.4055,34.7563],[-78.4076,34.7576],[-78.4058,34.7594],[-78.4091,34.7615],[-78.41,34.7654],[-78.4204,34.7659],[-78.4209,34.7679],[-78.4245,34.7699],[-78.4232,34.7708],[-78.4237,34.773],[-78.4303,34.7765],[-78.4284,34.7804],[-78.4298,34.7822],[-78.4387,34.7857],[-78.4392,34.7911],[-78.4373,34.7923],[-78.4448,34.7977],[-78.441,34.8005],[-78.4494,34.8078],[-78.448,34.8118],[-78.4519,34.8141],[-78.4527,34.8126],[-78.4594,34.8128],[-78.4588,34.8199],[-78.4601,34.8221],[-78.4619,34.8211],[-78.4631,34.8224],[-78.4647,34.8206],[-78.4665,34.822],[-78.4673,34.8233],[-78.4649,34.8262],[-78.4658,34.8276],[-78.4822,34.8368],[-78.4854,34.835],[-78.4877,34.8363],[-78.4883,34.8394],[-78.4908,34.841],[-78.4896,34.8428],[-78.4936,34.8431],[-78.4921,34.8493],[-78.4955,34.8523],[-78.4962,34.8549],[-78.4947,34.8562],[-78.5063,34.8526],[-78.5161,34.8459],[-78.5336,34.8511],[-78.8262,34.8507]]]},"properties":{"GEOID":"37017","NAME":"Bladen County"}},{"type":"Feature","geometry":{"type":"Polygon","coordinates":[[[-77.7535,34.1555],[-77.7497,34.1612],[-77.7471,34.171],[-77.7474,34.1756],[-77.7398,34.1805],[-77.7308,34.1898],[-77.723,34.21],[-77.7093,34.2218],[-77.7008,34.236],[-77.6911,34.2457],[-77.6753,34.2531],[-77.7147,34.2915],[-77.7105,34.298],[-77.7152,34.2992],[-77.7251,34.2928],[-77.7333,34.2945],[-77.7392,34.2928],[-77.7416,34.2958],[-77.7406,34.3013],[-77.7448,34.301],[-77.7481,34.3036],[-77.752,34.3033],[-77.8127,34.359],[-77.8143,34.3628],[-77.8121,34.3652],[-77.8151,34.3672],[-77.8099,34.3688],[-77.8079,34.3736],[-77.8053,34.374],[-77.8046,34.3757],[-77.8105,34.3819],[-77.8167,34.3823],[-77.8181,34.3855],[-77.8208,34.3849],[-77.823,34.3894],[-77.8438,34.3809],[-77.8586,34.3797],[-77.8715,34.3733],[-77.8811,34.3657],[-77.8917,34.3637],[-77.8967,34.364],[-77.8994,34.3664],[-77.9006,34.378],[-77.9072,34.3753],[-77.9165,34.3759],[-77.9288,34.3615],[-77.9318,34.3617],[-77.931,34.3677],[-77.9341,34.367],[-77.9351,34.3644],[-77.9332,34.3593],[-77.935,34.358],[-77.9409,34.3627],[-77.9399,34.3698],[-77.9491,34.3715],[-77.951,34.3645],[-77.9593,34.3699],[-77.9617,34.3734],[-77.9588,34.3804],[-77.9622,34.3829],[-77.9756,34.3723],[-77.9839,34.3731],[-77.9877,34.3711],[-77.9881,34.3639],[-77.9804,34.3611],[-77.978,34.357],[-77.9877,34.3519],[-77.9941,34.3426],[-77.9932,34.3368],[-78.0299,34.3318],[-78.0257,34.3277],[-78.0275,34.3202],[-78.026,34.318],[-78.0229,34.318],[-78.0127,34.3232],[-78.0087,34.3226],[-78.0062,34.3195],[-78.0073,34.3156],[-78.013,34.3126],[-78.0148,34.3075],[-78.0142,34.3026],[-78.0171,34.2928],[-78.0159,34.2903],[-78.0078,34.2902],[-78.0059,34.2889],[-78.0046,34.2868],[-78.0059,34.2818],[-78.0048,34.2805],[-77.9965,34.2844],[-77.9902,34.2817],[-77.9909,34.2786],[-77.9991,34.2765],[-78.002,34.2731],[-78.0006,34.2714],[-77.991,34.2707],[-77.9875,34.2683],[-77.9889,34.2623],[-77.9877,34.2601],[-77.9788,34.2601],[-77.9752,34.2494],[-77.9731,34.2472],[-77.97,34.2516],[-77.9678,34.2521],[-77.965,34.2492],[-77.9695,34.244],[-77.9685,34.2423],[-77.9638,34.2417],[-77.9566,34.2345],[-77.9613,34.2049],[-77.9573,34.1973],[-77.9566,34.1925],[-77.9586,34.1738],[-77.9522,34.1503],[-77.9369,34.1228],[-77.9311,34.0589],[-77.9316,34.0364],[-77.9358,34.005],[-77.9388,33.9966],[-77.9408,33.9836],[-77.9485,33.9713],[-77.897,33.7868],[-77.8937,33.8047],[-77.8968,33.8197],[-77.8953,33.8353],[-77.899,33.8485],[-77.899,33.8546],[-77.8956,33.8639],[-77.8942,33.8787],[-77.8861,33.8912],[-77.8845,33.9037],[-77.8635,33.9347],[-77.8622,33.9486],[-77.8553,33.9601],[-77.8409,34.0002],[-77.842,34.0002],[-77.8302,34.0303],[-77.8003,34.0907],[-77.7856,34.1252],[-77.775,34.1387],[-77.7535,34.1555]]]},"properties":{"GEOID":"37129","NAME":"New Hanover County"}},{"type":"Feature","geometry":{"type":"Polygon","coordinates":[[[-84.0235,35.4114],[-84.0187,35.4],[-84.0139,35.3979],[-84.0125,35.3922],[-84.0082,35.3906],[-84.0114,35.3846],[-84.0083,35.3788],[-84.0087,35.3728],[-84.0074,35.3716],[-84.0151,35.365],[-84.0233,35.3543],[-84.0384,35.3509],[-84.0389,35.3482],[-84.034,35.3431],[-84.0362,35.3377],[-84.0315,35.3365],[-84.0293,35.3331],[-84.0345,35.3226],[-84.0359,35.3132],[-84.0341,35.3112],[-84.027,35.3097],[-84.0263,35.3063],[-84.0214,35.3014],[-84.0234,35.2963],[-84.0292,35.2916],[-84.0225,35.2869],[-84.0198,35.2798],[-84.0161,35.2779],[-84.0164,35.2761],[-84.0096,35.2731],[-84.011,35.2572],[-84.0059,35.2531],[-84.0018,35.2529],[-84.0024,35.2508],[-84.0009,35.2496],[-84.0064,35.2417],[-84.004,35.2398],[-84.0028,35.2348],[-83.9889,35.23],[-83.9861,35.2308],[-83.9774,35.2256],[-83.9752,35.2208],[-83.9685,35.2181],[-83.9592,35.2169],[-83.9569,35.2185],[-83.9573,35.2204],[-83.9454,35.2198],[-83.9428,35.2206],[-83.9434,35.2225],[-83.9341,35.223],[-83.926,35.228],[-83.907,35.2335],[-83.9011,35.2385],[-83.8934,35.2333],[-83.8923,35.2349],[-83.888,35.2348],[-83.8797,35.2385],[-83.8737,35.2441],[-83.8692,35.2434],[-83.8647,35.2474],[-83.8512,35.2494],[-83.8487,35.2533],[-83.8452,35.2552],[-83.8413,35.2543],[-83.8311,35.2561],[-83.8256,35.2512],[-83.8223,35.2503],[-83.8135,35.2547],[-83.8099,35.2525],[-83.8066,35.2528],[-83.7952,35.2575],[-83.7899,35.2555],[-83.7879,35.2528],[-83.7814,35.2522],[-83.7735,35.2457],[-83.7672,35.2482],[-83.7616,35.2479],[-83.7568,35.2425],[-83.7455,35.2452],[-83.7342,35.245],[-83.7227,35.253],[-83.7188,35.2533],[-83.7131,35.2577],[-83.7086,35.2576],[-83.7078,35.2551],[-83.7032,35.2515],[-83.7044,35.2492],[-83.7027,35.2485],[-83.6947,35.2576],[-83.6885,35.2691],[-83.6848,35.2727],[-83.6841,35.2764],[-83.6801,35.2795],[-83.6821,35.281],[-83.6816,35.2847],[-83.6846,35.2887],[-83.6953,35.2975],[-83.6946,35.3055],[-83.6912,35.31],[-83.6906,35.3172],[-83.685,35.3238],[-83.6786,35.3282],[-83.6702,35.3286],[-83.6683,35.3312],[-83.6605,35.3356],[-83.6518,35.3369],[-83.6447,35.3403],[-83.6392,35.3387],[-83.6286,35.3439],[-83.6205,35.3455],[-83.6168,35.3493],[-83.6136,35.3573],[-83.601,35.3705],[-83.5969,35.3719],[-83.5931,35.377],[-83.5954,35.3811],[-83.5929,35.383],[-83.5883,35.3981],[-83.586,35.4009],[-83.5852,35.4066],[-83.583,35.4074],[-83.5824,35.4096],[-83.5852,35.4133],[-83.5851,35.4182],[-83.589,35.4189],[-83.5852,35.426],[-83.5858,35.4348],[-83.5869,35.4351],[-83.6108,35.427],[-83.6138,35.429],[-83.618,35.4358],[-83.6235,35.4367],[-83.6323,35.4419],[-83.6424,35.4436],[-83.6446,35.4418],[-83.6459,35.4295],[-83.6522,35.4265],[-83.6579,35.4323],[-83.6646,35.4312],[-83.6699,35.4356],[-83.6748,35.4356],[-83.703,35.4432],[-83.708,35.4438],[-83.7138,35.442],[-83.7211,35.443],[-83.7328,35.4474],[-83.7567,35.4417],[-83.7756,35.4436],[-83.8008,35.4558],[-83.8048,35.4539],[-83.8044,35.45],[-83.8081,35.444],[-83.8155,35.4462],[-83.8191,35.4504],[-83.8314,35.451],[-83.8379,35.4487],[-83.8443,35.4531],[-83.8659,35.4483],[-83.8681,35.4552],[-83.8738,35.4604],[-83.8815,35.4632],[-83.8954,35.4615],[-83.9083,35.4665],[-83.9141,35.4651],[-83.9283,35.4502],[-83.9357,35.4484],[-83.9443,35.4508],[-83.9546,35.4629],[-83.9611,35.4641],[-83.9628,35.4566],[-83.9657,35.4562],[-83.9646,35.4541],[-83.9719,35.4548],[-83.9711,35.453],[-83.9733,35.4528],[-83.9727,35.4473],[-83.9751,35.448],[-83.9761,35.4465],[-83.9798,35.4483],[-83.9844,35.4401],[-83.988,35.4409],[-83.9889,35.4391],[-83.992,35.4405],[-83.9947,35.4352],[-83.9996,35.4339],[-83.9994,35.4312],[-83.998,35.4307],[-84.0013,35.4234],[-84.0144,35.4123],[-84.0235,35.4114]]]},"properties":{"GEOID":"37075","NAME":"Graham County"}},{"type":"Feature","geometry":{"type":"Polygon","coordinates":[[[-80.2932,35.054],[-80.3208,34.8139],[-79.9274,34.8067],[-79.9231,34.8088],[-79.9139,34.8185],[-79.9087,34.8416],[-79.9005,34.8578],[-79.881,34.866],[-79.8658,34.8794],[-79.8491,34.901],[-79.8494,34.9106],[-79.8556,34.9251],[-79.8601,34.9332],[-79.867,34.9398],[-79.8723,34.9504],[-79.8723,34.955],[-79.8638,34.9742],[-79.8648,34.98],[-79.8805,34.9888],[-79.9006,35.0057],[-79.9,35.009],[-79.8946,35.0164],[-79.8928,35.0244],[-79.8772,35.0353],[-79.8759,35.0426],[-79.8836,35.0517],[-79.9031,35.0621],[-79.909,35.067],[-79.9123,35.0753],[-79.9125,35.0961],[-79.9219,35.1067],[-79.924,35.1154],[-79.9306,35.1187],[-79.9416,35.1192],[-79.957,35.1144],[-79.9776,35.1018],[-79.9814,35.0974],[-79.9843,35.0907],[-79.9934,35.0855],[-80.0244,35.0904],[-80.0422,35.103],[-80.0685,35.1124],[-80.0697,35.115],[-80.069,35.1223],[-80.0742,35.1324],[-80.0754,35.1431],[-80.0777,35.1476],[-80.0919,35.1627],[-80.1071,35.1731],[-80.1089,35.1787],[-80.1085,35.1897],[-80.113,35.194],[-80.1221,35.1925],[-80.1287,35.1881],[-80.1291,35.1846],[-80.1242,35.1753],[-80.1318,35.1734],[-80.1357,35.1676],[-80.1419,35.1683],[-80.1516,35.1745],[-80.157,35.1738],[-80.1591,35.1673],[-80.1658,35.1645],[-80.1676,35.1619],[-80.1666,35.1585],[-80.161,35.1531],[-80.1598,35.1498],[-80.1651,35.1475],[-80.1728,35.1478],[-80.1912,35.1559],[-80.1935,35.1589],[-80.1949,35.1654],[-80.1974,35.1666],[-80.2053,35.1654],[-80.2078,35.156],[-80.225,35.1562],[-80.2412,35.1791],[-80.2421,35.1816],[-80.24,35.1881],[-80.2508,35.2026],[-80.2514,35.2091],[-80.2548,35.2113],[-80.2592,35.2088],[-80.2639,35.2084],[-80.265,35.204],[-80.2715,35.2017],[-80.2768,35.1957],[-80.2932,35.054]]]},"properties":{"GEOID":"37007","NAME":"Anson County"}},{"type":"Feature","geometry":{"type":"Polygon","coordinates":[[[-81.5353,35.5684],[-80.96,35.547],[-80.9535,35.5539],[-80.957,35.5677],[-80.9533,35.5786],[-80.9488,35.5836],[-80.9364,35.5877],[-80.9335,35.5913],[-80.9351,35.5964],[-80.941,35.6008],[-80.9433,35.6063],[-80.9383,35.6134],[-80.9291,35.6159],[-80.9252,35.6199],[-80.9424,35.6366],[-80.9527,35.643],[-80.9608,35.6598],[-80.9659,35.6647],[-80.9667,35.671],[-80.9815,35.6817],[-80.9831,35.6871],[-80.9865,35.6917],[-80.9909,35.6941],[-80.9937,35.7013],[-81.0032,35.7092],[-81.0177,35.7127],[-81.0417,35.7074],[-81.0604,35.7103],[-81.0629,35.7119],[-81.0658,35.7195],[-81.064,35.7285],[-81.0679,35.7381],[-81.0899,35.7566],[-81.0906,35.7589],[-81.0887,35.7643],[-81.0909,35.7672],[-81.0945,35.7689],[-81.1027,35.7685],[-81.1119,35.7792],[-81.1284,35.7894],[-81.1308,35.8032],[-81.1386,35.8084],[-81.1411,35.8122],[-81.1423,35.8274],[-81.1496,35.829],[-81.1549,35.8283],[-81.1603,35.8251],[-81.1683,35.8256],[-81.1759,35.8231],[-81.1961,35.8212],[-81.2019,35.8233],[-81.2051,35.8228],[-81.2162,35.8173],[-81.2258,35.8095],[-81.2322,35.8124],[-81.241,35.8128],[-81.2496,35.8157],[-81.2541,35.8088],[-81.2673,35.8045],[-81.2801,35.8061],[-81.289,35.8004],[-81.2981,35.7982],[-81.3045,35.8026],[-81.3083,35.8025],[-81.3159,35.7969],[-81.3368,35.7965],[-81.3455,35.7944],[-81.3515,35.7838],[-81.3556,35.7803],[-81.3525,35.7738],[-81.3539,35.7689],[-81.3575,35.7671],[-81.3638,35.7678],[-81.4329,35.6778],[-81.5068,35.608],[-81.5353,35.5684]]]},"properties":{"GEOID":"37035","NAME":"Catawba County"}},{"type":"Feature","geometry":{"type":"Polygon","coordinates":[[[-78.8068,35.9229],[-78.8048,35.9276],[-78.7591,35.9184],[-78.7499,35.9329],[-78.7417,35.9339],[-78.717,35.9613],[-78.6993,36.0114],[-78.7074,36.0111],[-78.72,36.0296],[-78.7402,36.0236],[-78.7536,36.0314],[-78.7543,36.0563],[-78.7513,36.0708],[-78.7804,36.0723],[-78.7838,36.07],[-78.7881,36.0729],[-78.7849,36.0767],[-78.7893,36.0788],[-78.7931,36.0777],[-78.7908,36.0811],[-78.7926,36.086],[-78.7983,36.0846],[-78.8075,36.0874],[-78.8031,36.0896],[-78.8053,36.0939],[-78.8023,36.2358],[-78.9506,36.2393],[-79.0163,35.8632],[-78.9061,35.8681],[-78.83,35.867],[-78.8068,35.9229]]]},"properties":{"GEOID":"37063","NAME":"Durham County"}},{"type":"Feature","geometry":{"type":"Polygon","coordinates":[[[-78.6484,34.4609],[-78.6593,34.4536],[-78.6564,34.4603],[-78.6639,34.4624],[-78.6664,34.4647],[-78.6676,34.4696],[-78.6704,34.4699],[-78.8259,34.4617],[-78.8304,34.4626],[-78.8376,34.4676],[-78.8447,34.4689],[-78.8499,34.4736],[-78.8581,34.4744],[-78.8603,34.4832],[-78.869,34.4848],[-78.87,34.4821],[-78.8816,34.4753],[-78.8818,34.4728],[-78.8877,34.4707],[-78.8911,34.4676],[-78.8945,34.4684],[-78.8931,34.4654],[-78.8955,34.4623],[-78.9011,34.4599],[-78.9063,34.4622],[-78.9073,34.4601],[-78.9037,34.4578],[-78.9069,34.4558],[-78.9141,34.4592],[-78.9199,34.4593],[-78.9209,34.4583],[-78.9171,34.4533],[-78.9186,34.4518],[-78.9216,34.4539],[-78.9252,34.4528],[-78.9294,34.455],[-78.9329,34.4539],[-78.9368,34.4553],[-78.9351,34.4537],[-78.9368,34.4517],[-78.9413,34.4534],[-78.9457,34.4491],[-78.9483,34.45],[-78.9518,34.4488],[-78.9542,34.4457],[-78.954,34.4434],[-78.9554,34.4445],[-78.9563,34.4429],[-78.9598,34.443],[-78.9608,34.4392],[-78.9661,34.4354],[-78.9668,34.4312],[-78.9712,34.4275],[-78.9682,34.4251],[-78.97,34.4243],[-78.9693,34.4224],[-78.9674,34.4222],[-78.9718,34.4181],[-78.968,34.4166],[-78.9702,34.4153],[-78.9697,34.413],[-78.9679,34.413],[-78.9709,34.41],[-78.9673,34.4108],[-78.9696,34.406],[-78.9679,34.4056],[-78.9672,34.4021],[-78.9699,34.4012],[-78.968,34.3976],[-78.9703,34.3966],[-78.9697,34.3952],[-78.974,34.3947],[-78.9755,34.3961],[-78.9757,34.3939],[-78.9735,34.3921],[-78.9773,34.3904],[-78.9797,34.3909],[-78.9785,34.3926],[-78.9829,34.3923],[-78.9835,34.3938],[-78.995,34.3926],[-78.9949,34.3904],[-78.9986,34.391],[-79.0023,34.3843],[-79.0064,34.3836],[-79.0069,34.3815],[-79.0085,34.3824],[-79.0116,34.3809],[-79.0096,34.38],[-79.0102,34.377],[-79.0074,34.3768],[-79.0074,34.3725],[-79.0056,34.3729],[-79.0049,34.3697],[-79.0029,34.3689],[-79.0028,34.3645],[-79.0008,34.3649],[-79.0041,34.3628],[-79.0038,34.3612],[-79.0081,34.3614],[-79.0055,34.3596],[-79.0107,34.3551],[-79.0091,34.3528],[-79.0168,34.3518],[-79.0172,34.35],[-79.0185,34.3522],[-79.0271,34.3531],[-79.025,34.3517],[-79.0251,34.3482],[-79.0268,34.3489],[-79.0304,34.3468],[-79.0287,34.3455],[-79.0287,34.3427],[-79.0322,34.3427],[-79.0304,34.3401],[-79.0345,34.3384],[-79.0336,34.3372],[-79.0356,34.3367],[-79.035,34.3339],[-79.0371,34.3335],[-79.0348,34.3299],[-79.0365,34.3288],[-79.0349,34.3271],[-79.0369,34.3261],[-79.0338,34.3248],[-79.0355,34.3192],[-79.0365,34.3214],[-79.0404,34.3175],[-79.0372,34.3164],[-79.0385,34.3131],[-79.0456,34.3107],[-79.0495,34.3119],[-79.0505,34.3146],[-79.0529,34.3146],[-79.0575,34.3108],[-79.0548,34.309],[-79.0584,34.3089],[-79.0609,34.3067],[-79.0616,34.3083],[-79.0653,34.3087],[-79.0684,34.307],[-79.0696,34.305],[-79.0672,34.3036],[-79.0704,34.3035],[-79.0689,34.3012],[-79.0712,34.2993],[-78.6503,33.9444],[-78.6497,33.9465],[-78.6465,33.9481],[-78.6475,33.95],[-78.6442,33.9501],[-78.6466,33.9546],[-78.645,33.9541],[-78.6442,33.9556],[-78.6435,33.9544],[-78.642,33.9562],[-78.6443,33.9601],[-78.6434,33.962],[-78.6465,33.9605],[-78.6484,33.9655],[-78.6423,33.9673],[-78.6405,33.9705],[-78.6395,33.9693],[-78.636,33.9696],[-78.6305,33.9722],[-78.6303,33.9749],[-78.6253,33.9722],[-78.6241,33.9733],[-78.6277,33.9761],[-78.6264,33.9797],[-78.6305,33.991],[-78.6334,33.9966],[-78.6403,34.0044],[-78.6406,34.0103],[-78.63,34.0161],[-78.6297,34.0177],[-78.6264,34.0177],[-78.6254,34.0198],[-78.6224,34.0182],[-78.6191,34.019],[-78.6168,34.0235],[-78.6128,34.022],[-78.6133,34.0243],[-78.6117,34.0232],[-78.6091,34.026],[-78.6094,34.0245],[-78.6067,34.0254],[-78.6079,34.024],[-78.6034,34.0247],[-78.603,34.0278],[-78.6005,34.0267],[-78.6018,34.0288],[-78.6008,34.03],[-78.6004,34.0279],[-78.5994,34.0293],[-78.5988,34.0279],[-78.5943,34.0294],[-78.5929,34.0271],[-78.5908,34.0272],[-78.5907,34.0303],[-78.5877,34.0308],[-78.589,34.0322],[-78.5835,34.032],[-78.5829,34.0339],[-78.5846,34.0341],[-78.5854,34.0362],[-78.5793,34.0369],[-78.5799,34.0405],[-78.5779,34.0412],[-78.5781,34.0438],[-78.5819,34.0427],[-78.5833,34.0459],[-78.5796,34.0516],[-78.5732,34.056],[-78.5713,34.0534],[-78.5695,34.0562],[-78.5686,34.0538],[-78.5628,34.0543],[-78.5611,34.0591],[-78.5594,34.0594],[-78.5602,34.0606],[-78.5581,34.06],[-78.5571,34.0618],[-78.5589,34.0614],[-78.5591,34.0664],[-78.555,34.0671],[-78.5537,34.0722],[-78.5547,34.0767],[-78.5585,34.0777],[-78.557,34.0759],[-78.5589,34.0752],[-78.5629,34.0777],[-78.5611,34.0824],[-78.557,34.0837],[-78.5602,34.0921],[-78.557,34.0917],[-78.5587,34.0935],[-78.5532,34.0972],[-78.5525,34.0951],[-78.5481,34.0952],[-78.5473,34.099],[-78.5454,34.0986],[-78.544,34.1001],[-78.5477,34.1003],[-78.5466,34.1032],[-78.549,34.1043],[-78.5541,34.1037],[-78.552,34.1043],[-78.5533,34.1071],[-78.549,34.1115],[-78.5511,34.1148],[-78.5512,34.1133],[-78.5536,34.1131],[-78.5526,34.1139],[-78.5551,34.1168],[-78.5537,34.1162],[-78.5541,34.1177],[-78.5491,34.1188],[-78.5513,34.1199],[-78.5493,34.1202],[-78.5509,34.1218],[-78.5492,34.1252],[-78.5425,34.1261],[-78.5432,34.1244],[-78.54,34.1229],[-78.5388,34.1248],[-78.5393,34.1275],[-78.5419,34.1288],[-78.5425,34.1318],[-78.5458,34.1345],[-78.5436,34.1358],[-78.5464,34.1383],[-78.5442,34.1429],[-78.545,34.146],[-78.5412,34.1483],[-78.5384,34.1458],[-78.5371,34.1462],[-78.5329,34.1535],[-78.5248,34.154],[-78.519,34.1589],[-78.5152,34.1659],[-78.5131,34.1657],[-78.5099,34.1688],[-78.5036,34.1692],[-78.4955,34.1676],[-78.4936,34.164],[-78.4893,34.1637],[-78.484,34.1578],[-78.4817,34.1583],[-78.4746,34.1547],[-78.4672,34.1548],[-78.4591,34.1498],[-78.4419,34.1463],[-78.4361,34.1421],[-78.4229,34.1395],[-78.4137,34.1504],[-78.4072,34.1548],[-78.4057,34.1584],[-78.3953,34.1681],[-78.3928,34.173],[-78.3881,34.1752],[-78.3872,34.1776],[-78.377,34.1842],[-78.3737,34.188],[-78.3668,34.1888],[-78.3677,34.1926],[-78.3747,34.2026],[-78.3743,34.2049],[-78.2546,34.2163],[-78.1622,34.3572],[-78.1698,34.3568],[-78.1747,34.3512],[-78.1793,34.3553],[-78.1929,34.3527],[-78.2025,34.3533],[-78.2102,34.358],[-78.2118,34.3626],[-78.2106,34.3688],[-78.2248,34.3735],[-78.2288,34.3789],[-78.2327,34.374],[-78.2352,34.3742],[-78.2367,34.3804],[-78.2456,34.3851],[-78.245,34.3899],[-78.2466,34.3933],[-78.2526,34.3912],[-78.2561,34.3995],[-78.3351,34.3676],[-78.3657,34.3728],[-78.3969,34.3707],[-78.4201,34.3781],[-78.4453,34.3774],[-78.5527,34.4208],[-78.5804,34.429],[-78.594,34.4314],[-78.6038,34.4411],[-78.6484,34.4609]]]},"properties":{"GEOID":"37047","NAME":"Columbus County"}},{"type":"Feature","geometry":{"type":"Polygon","coordinates":[[[-77.4094,36.2635],[-77.4133,36.2754],[-77.4126,36.2859],[-77.414,36.2929],[-77.4347,36.3144],[-77.438,36.3216],[-77.4417,36.3244],[-77.4669,36.3218],[-77.4763,36.3172],[-77.4855,36.316],[-77.4951,36.3084],[-77.5237,36.3068],[-77.5421,36.3032],[-77.5563,36.3052],[-77.5714,36.3141],[-77.5772,36.3285],[-77.5853,36.335],[-77.5856,36.3373],[-77.5765,36.3544],[-77.5476,36.3725],[-77.5444,36.3939],[-77.5495,36.4121],[-77.5553,36.418],[-77.5724,36.4229],[-77.5809,36.4241],[-77.5877,36.4224],[-77.5903,36.4245],[-77.5923,36.4316],[-77.597,36.4342],[-77.6096,36.4367],[-77.6163,36.4441],[-77.6216,36.4432],[-77.626,36.4457],[-77.6305,36.4501],[-77.6396,36.475],[-77.6446,36.4806],[-77.6493,36.4815],[-77.6613,36.4792],[-77.6811,36.4792],[-77.6945,36.4818],[-77.71,36.4871],[-77.7255,36.4875],[-77.7307,36.4865],[-77.746,36.479],[-77.7538,36.4789],[-77.7656,36.4823],[-77.7679,36.48],[-77.7755,36.4823],[-77.7891,36.4912],[-77.7944,36.4919],[-77.8052,36.4972],[-77.8171,36.5004],[-77.8342,36.5011],[-77.8583,36.5066],[-77.8661,36.5034],[-77.8694,36.5036],[-77.876,36.5061],[-77.8849,36.5064],[-77.8876,36.5098],[-77.8924,36.5121],[-77.8988,36.5061],[-77.9056,36.4909],[-77.9092,36.4739],[-77.9118,36.4428],[-77.9172,36.4409],[-77.92,36.4365],[-77.9183,36.4298],[-77.9121,36.4249],[-77.912,36.3824],[-77.9424,36.2985],[-78.0066,36.2026],[-78.0017,36.199],[-77.9967,36.1985],[-77.9978,36.1973],[-77.9968,36.1927],[-77.9936,36.1905],[-77.9925,36.1855],[-77.9907,36.1852],[-77.9912,36.1866],[-77.9875,36.1896],[-77.983,36.1867],[-77.9844,36.1815],[-77.9796,36.1787],[-77.9782,36.1753],[-77.9757,36.1777],[-77.9735,36.1768],[-77.9715,36.1779],[-77.9691,36.1835],[-77.9696,36.1863],[-77.973,36.1898],[-77.9729,36.1943],[-77.9674,36.1942],[-77.9512,36.1806],[-77.9444,36.1821],[-77.943,36.1865],[-77.9445,36.1883],[-77.944,36.1926],[-77.9409,36.1922],[-77.9308,36.1823],[-77.9261,36.1832],[-77.9239,36.1889],[-77.9177,36.1805],[-77.9231,36.1689],[-77.9227,36.1663],[-77.9159,36.1636],[-77.9095,36.1653],[-77.9007,36.1627],[-77.9012,36.1563],[-77.8924,36.1512],[-77.8872,36.1438],[-77.8842,36.1473],[-77.882,36.1468],[-77.879,36.1431],[-77.8789,36.1447],[-77.8716,36.1452],[-77.8619,36.1491],[-77.8561,36.146],[-77.8478,36.145],[-77.8216,36.1447],[-77.8155,36.14],[-77.8081,36.1382],[-77.8052,36.1416],[-77.8059,36.1471],[-77.8043,36.1497],[-77.7993,36.1445],[-77.7925,36.1451],[-77.7831,36.1414],[-77.7785,36.144],[-77.7741,36.1425],[-77.7726,36.147],[-77.7693,36.1462],[-77.757,36.149],[-77.7532,36.152],[-77.7532,36.1569],[-77.7501,36.1575],[-77.7459,36.1531],[-77.7417,36.1551],[-77.7372,36.1537],[-77.7324,36.1474],[-77.7294,36.149],[-77.7315,36.1393],[-77.7263,36.138],[-77.7213,36.1338],[-77.7164,36.1364],[-77.7216,36.1414],[-77.7159,36.1464],[-77.7119,36.1453],[-77.7065,36.1468],[-77.707,36.1483],[-77.7049,36.1509],[-77.7026,36.1505],[-77.6987,36.1532],[-77.6918,36.1509],[-77.6865,36.1531],[-77.6827,36.1515],[-77.683,36.1534],[-77.6785,36.1544],[-77.6789,36.1507],[-77.6721,36.1485],[-77.6769,36.1442],[-77.6717,36.143],[-77.6722,36.1411],[-77.6684,36.1395],[-77.6705,36.1391],[-77.6701,36.1371],[-77.6681,36.1378],[-77.6673,36.1365],[-77.6655,36.1388],[-77.6633,36.136],[-77.6616,36.1384],[-77.6594,36.1368],[-77.6556,36.139],[-77.6556,36.1371],[-77.6526,36.1379],[-77.6511,36.1353],[-77.6501,36.1381],[-77.6485,36.137],[-77.6438,36.1381],[-77.6434,36.1355],[-77.6409,36.1332],[-77.6364,36.1318],[-77.6354,36.1293],[-77.6366,36.1278],[-77.6346,36.127],[-77.6336,36.1284],[-77.6318,36.127],[-77.6321,36.1246],[-77.6303,36.1238],[-77.6316,36.1228],[-77.6295,36.1219],[-77.6314,36.119],[-77.6281,36.1196],[-77.6301,36.1154],[-77.6272,36.115],[-77.6281,36.1137],[-77.6265,36.1114],[-77.6253,36.1152],[-77.6245,36.1118],[-77.6224,36.1108],[-77.6207,36.1122],[-77.6196,36.1105],[-77.6148,36.1094],[-77.6107,36.1101],[-77.611,36.1112],[-77.6086,36.1106],[-77.6101,36.1077],[-77.6056,36.1104],[-77.6049,36.1075],[-77.6007,36.1065],[-77.5998,36.1042],[-77.5957,36.1025],[-77.5964,36.1009],[-77.5943,36.1013],[-77.5939,36.1044],[-77.5923,36.102],[-77.5904,36.1022],[-77.5899,36.1039],[-77.5872,36.1017],[-77.5863,36.1034],[-77.5845,36.1026],[-77.5862,36.102],[-77.5859,36.1002],[-77.5834,36.1017],[-77.5818,36.0995],[-77.5792,36.1008],[-77.5794,36.0979],[-77.577,36.0977],[-77.5764,36.0997],[-77.5745,36.0999],[-77.5749,36.0983],[-77.57,36.0969],[-77.5697,36.0986],[-77.5631,36.0974],[-77.5603,36.0945],[-77.5575,36.0954],[-77.5577,36.0974],[-77.5536,36.098],[-77.5532,36.1001],[-77.5418,36.0953],[-77.5408,36.0962],[-77.5383,36.094],[-77.5385,36.0911],[-77.5357,36.0921],[-77.5334,36.0911],[-77.5337,36.0851],[-77.5315,36.0838],[-77.5329,36.0813],[-77.5349,36.0815],[-77.5336,36.0802],[-77.5359,36.0803],[-77.5344,36.0789],[-77.5357,36.0779],[-77.5329,36.0772],[-77.5325,36.0754],[-77.5308,36.0761],[-77.5326,36.0742],[-77.5305,36.0728],[-77.528,36.0734],[-77.5254,36.0692],[-77.5295,36.0689],[-77.5361,36.0633],[-77.5389,36.0648],[-77.5401,36.0608],[-77.5354,36.0548],[-77.5324,36.0561],[-77.5314,36.0533],[-77.5336,36.0524],[-77.5314,36.0497],[-77.5295,36.0505],[-77.5292,36.0474],[-77.5266,36.0465],[-77.5256,36.0478],[-77.5226,36.0451],[-77.5241,36.0441],[-77.5246,36.04],[-77.5287,36.0407],[-77.5293,36.0394],[-77.5267,36.0392],[-77.5267,36.0376],[-77.5224,36.0388],[-77.5176,36.0368],[-77.4749,36.0378],[-77.4674,36.0316],[-77.4541,36.0296],[-77.4393,36.0212],[-77.438,36.0185],[-77.4416,36.0147],[-77.4352,36.0132],[-77.428,36.0053],[-77.4211,36.0036],[-77.4085,36.007],[-77.4026,36.005],[-77.3393,36.0647],[-77.3398,36.0662],[-77.3314,36.0681],[-77.3276,36.0714],[-77.3276,36.0764],[-77.32,36.0787],[-77.3139,36.0888],[-77.2931,36.0912],[-77.2822,36.0973],[-77.2689,36.1],[-77.2428,36.0972],[-77.2316,36.1036],[-77.2301,36.1059],[-77.2326,36.1102],[-77.2443,36.1121],[-77.2515,36.1151],[-77.2507,36.1177],[-77.2413,36.1185],[-77.2397,36.1203],[-77.2543,36.1225],[-77.2549,36.1249],[-77.251,36.1311],[-77.2508,36.1346],[-77.2656,36.1398],[-77.2673,36.1505],[-77.263,36.1572],[-77.2634,36.1589],[-77.2765,36.1574],[-77.2814,36.1656],[-77.287,36.1692],[-77.2996,36.1649],[-77.3074,36.1673],[-77.3113,36.1699],[-77.3133,36.1734],[-77.309,36.1807],[-77.3194,36.1818],[-77.3257,36.187],[-77.3292,36.1924],[-77.3401,36.19],[-77.351,36.1915],[-77.3579,36.1975],[-77.3836,36.2082],[-77.3866,36.2135],[-77.3822,36.2271],[-77.3766,36.2371],[-77.3769,36.245],[-77.3814,36.2498],[-77.4094,36.2635]]]},"properties":{"GEOID":"37083","NAME":"Halifax County"}},{"type":"Feature","geometry":{"type":"Polygon","coordinates":[[[-76.8143,35.8857],[-76.8042,35.8825],[-76.7961,35.8733],[-76.781,35.8639],[-76.7726,35.8626],[-76.7511,35.8675],[-76.737,35.8788],[-76.7311,35.8884],[-76.7283,35.898],[-76.7236,35.9062],[-76.7232,35.912],[-76.72,35.9173],[-76.7107,35.9229],[-76.7018,35.9228],[-76.6999,35.9245],[-76.6945,35.934],[-76.6925,35.9438],[-76.6875,35.9507],[-76.6701,35.9603],[-76.6473,35.9692],[-76.6244,35.9757],[-76.6062,35.9781],[-76.6176,35.9843],[-76.6825,36.0309],[-76.6959,36.0477],[-76.7089,36.069],[-76.7105,36.0987],[-76.7336,36.1378],[-76.7369,36.1506],[-76.7373,36.1586],[-76.7361,36.1865],[-76.7327,36.1975],[-76.733,36.2126],[-76.7278,36.2211],[-76.716,36.229],[-76.7066,36.2438],[-76.9034,36.243],[-76.9282,36.2401],[-76.9438,36.2414],[-76.9714,36.2381],[-76.9857,36.2421],[-77.0086,36.2391],[-77.1831,36.2428],[-77.2085,36.2466],[-77.2288,36.2174],[-77.2286,36.2144],[-77.2441,36.2151],[-77.249,36.2184],[-77.2544,36.2186],[-77.2641,36.2172],[-77.27,36.2132],[-77.2757,36.2145],[-77.2878,36.2114],[-77.2907,36.2129],[-77.2982,36.2077],[-77.2974,36.2023],[-77.2933,36.1971],[-77.2959,36.1931],[-77.2951,36.1884],[-77.2989,36.1861],[-77.2997,36.1814],[-77.2956,36.1743],[-77.2983,36.1723],[-77.2957,36.1722],[-77.2915,36.1683],[-77.2876,36.1693],[-77.2834,36.1675],[-77.2765,36.1574],[-77.2631,36.1587],[-77.2673,36.1505],[-77.2656,36.1398],[-77.2508,36.1346],[-77.251,36.1311],[-77.2549,36.1249],[-77.2543,36.1225],[-77.2397,36.1203],[-77.2413,36.1185],[-77.2507,36.1177],[-77.2515,36.1151],[-77.2443,36.1121],[-77.2326,36.1102],[-77.2308,36.1086],[-77.2303,36.105],[-77.2428,36.0972],[-77.2689,36.1],[-77.2822,36.0973],[-77.2931,36.0912],[-77.3132,36.0892],[-77.32,36.0787],[-77.3276,36.0764],[-77.3271,36.068],[-77.3208,36.0565],[-77.2928,36.0451],[-77.2745,36.0337],[-77.2421,36.0217],[-77.2305,36.0156],[-77.2164,36.0149],[-77.2065,36.0071],[-77.206,36.0048],[-77.2127,35.9951],[-77.2129,35.9915],[-77.2102,35.9907],[-77.2046,35.9935],[-77.1964,35.9928],[-77.1923,35.9852],[-77.1964,35.9819],[-77.1943,35.9766],[-77.1903,35.9737],[-77.1964,35.9676],[-77.1953,35.9641],[-77.1908,35.9608],[-77.1977,35.9626],[-77.1886,35.957],[-77.199,35.9571],[-77.1993,35.9553],[-77.1942,35.9497],[-77.196,35.949],[-77.2006,35.951],[-77.2023,35.9477],[-77.1988,35.9397],[-77.1959,35.9368],[-77.1858,35.9309],[-77.1733,35.9289],[-77.1704,35.9297],[-77.1647,35.9373],[-77.1461,35.9361],[-77.1413,35.9339],[-77.1309,35.9408],[-77.1282,35.9371],[-77.1265,35.9289],[-77.1238,35.9261],[-77.1199,35.9262],[-77.115,35.9292],[-77.1106,35.9275],[-77.1064,35.9324],[-77.1029,35.9333],[-77.094,35.9248],[-77.092,35.9257],[-77.0921,35.9284],[-77.0888,35.929],[-77.0867,35.9324],[-77.0824,35.9316],[-77.0812,35.9375],[-77.0735,35.9345],[-77.0673,35.9367],[-77.0666,35.9387],[-77.0711,35.9423],[-77.0706,35.9438],[-77.0609,35.9386],[-77.056,35.9413],[-77.0551,35.9448],[-77.044,35.9434],[-77.0388,35.9308],[-77.0356,35.9295],[-77.0275,35.9297],[-77.0318,35.9178],[-77.0273,35.9178],[-77.0266,35.9098],[-77.0306,35.9054],[-77.0253,35.9028],[-77.0241,35.8991],[-77.0255,35.8957],[-77.0221,35.8909],[-77.0245,35.8903],[-77.0293,35.8931],[-77.0375,35.8906],[-77.0357,35.8855],[-77.031,35.8812],[-77.0397,35.8746],[-77.0453,35.8752],[-77.0404,35.8679],[-77.0446,35.8621],[-77.0349,35.8574],[-77.0288,35.8578],[-77.0158,35.8626],[-77.0096,35.8619],[-77.0052,35.8584],[-76.998,35.8633],[-76.9917,35.8651],[-76.9879,35.8703],[-76.9873,35.8765],[-76.984,35.8764],[-76.9807,35.8726],[-76.9795,35.8755],[-76.97,35.8817],[-76.9589,35.8834],[-76.9571,35.8869],[-76.9472,35.8937],[-76.9472,35.8971],[-76.9409,35.9011],[-76.9232,35.8983],[-76.9171,35.8944],[-76.9113,35.8817],[-76.9047,35.877],[-76.9021,35.8682],[-76.893,35.864],[-76.9001,35.8579],[-76.8972,35.8496],[-76.9019,35.8444],[-76.9035,35.8383],[-76.9016,35.8352],[-76.8942,35.8323],[-76.8962,35.8279],[-76.9041,35.8243],[-76.8998,35.8204],[-76.8927,35.8184],[-76.8978,35.815],[-76.8952,35.8131],[-76.8776,35.8127],[-76.8601,35.825],[-76.8378,35.8465],[-76.8321,35.8545],[-76.8323,35.8616],[-76.8369,35.8761],[-76.8348,35.8829],[-76.8302,35.8859],[-76.8242,35.887],[-76.8143,35.8857]]]},"properties":{"GEOID":"37015","NAME":"Bertie County"}},{"type":"Feature","geometry":{"type":"Polygon","coordinates":[[[-80.094,35.2871],[-80.0905,35.2943],[-80.0805,35.3076],[-80.0795,35.3111],[-80.0819,35.3215],[-80.0663,35.3406],[-80.0654,35.3605],[-80.0541,35.366],[-80.0512,35.3715],[-80.0579,35.3777],[-80.0623,35.3861],[-80.0661,35.3895],[-80.075,35.3951],[-80.0839,35.3951],[-80.0873,35.3989],[-80.0937,35.402],[-80.0901,35.4156],[-80.0959,35.4254],[-80.1005,35.4299],[-80.0977,35.4339],[-80.0975,35.4381],[-80.1087,35.4451],[-80.1082,35.4572],[-80.1099,35.461],[-80.1183,35.4653],[-80.1293,35.4671],[-80.1399,35.4751],[-80.1491,35.4726],[-80.1617,35.4752],[-80.1659,35.4802],[-80.1762,35.4854],[-80.1787,35.4909],[-80.18,35.4999],[-80.1826,35.5042],[-80.2954,35.5029],[-80.4844,35.2164],[-80.4831,35.2128],[-80.4944,35.2056],[-80.4995,35.1981],[-80.5057,35.1938],[-80.5041,35.1875],[-80.5053,35.1834],[-80.501,35.1806],[-80.4934,35.1789],[-80.4891,35.1755],[-80.4856,35.1765],[-80.4828,35.1799],[-80.4803,35.1798],[-80.4771,35.1775],[-80.4762,35.1718],[-80.4698,35.1669],[-80.4679,35.1668],[-80.4637,35.1704],[-80.4593,35.1651],[-80.4472,35.1648],[-80.4404,35.1611],[-80.4359,35.165],[-80.4303,35.1662],[-80.4193,35.1729],[-80.417,35.1716],[-80.4157,35.1665],[-80.4122,35.1634],[-80.4086,35.1637],[-80.4029,35.1673],[-80.3978,35.1655],[-80.3883,35.1659],[-80.3796,35.1728],[-80.3768,35.1775],[-80.3701,35.1798],[-80.366,35.1757],[-80.3645,35.1706],[-80.357,35.1649],[-80.3542,35.1658],[-80.3516,35.1693],[-80.3461,35.1691],[-80.3399,35.1743],[-80.3349,35.1737],[-80.3282,35.1767],[-80.3215,35.1731],[-80.3209,35.1787],[-80.3054,35.1819],[-80.3039,35.188],[-80.296,35.1939],[-80.2923,35.1941],[-80.2879,35.1914],[-80.2844,35.1922],[-80.2819,35.1956],[-80.2757,35.1961],[-80.2715,35.2017],[-80.265,35.204],[-80.2639,35.2084],[-80.2543,35.2113],[-80.2513,35.2088],[-80.2505,35.2021],[-80.24,35.1881],[-80.2421,35.1816],[-80.2412,35.1791],[-80.2247,35.1561],[-80.2078,35.156],[-80.2053,35.1654],[-80.1978,35.1667],[-80.1949,35.1654],[-80.1935,35.1589],[-80.1906,35.1555],[-80.1859,35.1546],[-80.1743,35.1481],[-80.1617,35.1483],[-80.1599,35.1512],[-80.1666,35.1585],[-80.1676,35.1622],[-80.1656,35.1647],[-80.1591,35.1673],[-80.1573,35.1736],[-80.1516,35.1745],[-80.1419,35.1683],[-80.1355,35.1677],[-80.1318,35.1734],[-80.1242,35.1753],[-80.1288,35.1838],[-80.1291,35.1876],[-80.1225,35.1924],[-80.1145,35.1943],[-80.1088,35.1906],[-80.1089,35.1787],[-80.1071,35.1731],[-80.0899,35.1609],[-80.0796,35.15],[-80.0754,35.1431],[-80.0688,35.1551],[-80.0569,35.164],[-80.0531,35.1726],[-80.0533,35.1786],[-80.0608,35.1892],[-80.0617,35.2003],[-80.0698,35.2183],[-80.076,35.227],[-80.0886,35.2342],[-80.0928,35.2393],[-80.0984,35.2581],[-80.0922,35.272],[-80.094,35.2871]]]},"properties":{"GEOID":"37167","NAME":"Stanly County"}},{"type":"Feature","geometry":{"type":"Polygon","coordinates":[[[-77.5283,35.4143],[-77.5206,35.4146],[-77.5206,35.4173],[-77.5065,35.4219],[-77.5074,35.4191],[-77.5044,35.4195],[-77.4986,35.4171],[-77.499,35.4141],[-77.4957,35.4122],[-77.4842,35.4136],[-77.4812,35.4153],[-77.4827,35.4228],[-77.4755,35.4267],[-77.4767,35.4341],[-77.4744,35.4396],[-77.4796,35.4393],[-77.4767,35.4453],[-77.48,35.4468],[-77.4816,35.4435],[-77.4819,35.4449],[-77.4844,35.4452],[-77.4844,35.4475],[-77.4822,35.4473],[-77.482,35.4505],[-77.4805,35.4515],[-77.4854,35.4527],[-77.4863,35.4554],[-77.4841,35.4579],[-77.4935,35.4623],[-77.4903,35.4681],[-77.4943,35.4734],[-77.4941,35.4774],[-77.4988,35.4798],[-77.5011,35.4838],[-77.5008,35.4864],[-77.5027,35.4858],[-77.5009,35.4893],[-77.5025,35.4896],[-77.502,35.4916],[-77.5071,35.494],[-77.5071,35.4961],[-77.5116,35.497],[-77.5116,35.4989],[-77.507,35.5022],[-77.5059,35.5049],[-77.5113,35.5082],[-77.5058,35.5102],[-77.5071,35.5109],[-77.5034,35.518],[-77.5073,35.517],[-77.5104,35.5198],[-77.5129,35.518],[-77.5173,35.519],[-77.5184,35.5173],[-77.5224,35.5178],[-77.5253,35.5197],[-77.5224,35.5238],[-77.5235,35.526],[-77.5255,35.5252],[-77.5252,35.5283],[-77.5301,35.528],[-77.531,35.5304],[-77.5346,35.5295],[-77.5412,35.5331],[-77.5578,35.5319],[-77.5664,35.5399],[-77.5708,35.5488],[-77.5815,35.5536],[-77.5914,35.5632],[-77.6014,35.5669],[-77.6104,35.5676],[-77.6215,35.5821],[-77.6288,35.586],[-77.6624,35.6193],[-77.6736,35.6232],[-77.6816,35.6308],[-77.6827,35.6337],[-77.6804,35.6387],[-77.689,35.6496],[-77.7007,35.6523],[-77.7535,35.616],[-77.8063,35.5834],[-77.8151,35.5883],[-77.8225,35.5854],[-77.8267,35.4241],[-77.8218,35.4212],[-77.818,35.4155],[-77.8122,35.413],[-77.8049,35.4062],[-77.8039,35.3953],[-77.7999,35.3823],[-77.8029,35.3729],[-77.8062,35.3688],[-77.7777,35.3677],[-77.6975,35.3771],[-77.6962,35.3754],[-77.697,35.3709],[-77.6942,35.3656],[-77.6901,35.3643],[-77.6901,35.3597],[-77.6866,35.3572],[-77.6811,35.3484],[-77.6747,35.3476],[-77.6591,35.3539],[-77.6532,35.3525],[-77.648,35.3553],[-77.6374,35.3544],[-77.6274,35.3666],[-77.6181,35.3726],[-77.6138,35.3778],[-77.607,35.3795],[-77.6029,35.375],[-77.5954,35.3756],[-77.5899,35.3737],[-77.5847,35.3797],[-77.5813,35.378],[-77.5802,35.3798],[-77.5664,35.383],[-77.5649,35.3839],[-77.5645,35.3877],[-77.5615,35.3873],[-77.5342,35.3981],[-77.5317,35.4013],[-77.5328,35.4048],[-77.5315,35.4079],[-77.5286,35.4092],[-77.5273,35.4126],[-77.5283,35.4143]]]},"properties":{"GEOID":"37079","NAME":"Greene County"}},{"type":"Feature","geometry":{"type":"Polygon","coordinates":[[[-75.8131,36.2236],[-75.7994,36.2022],[-75.7988,36.1992],[-75.8019,36.1884],[-75.7987,36.1825],[-75.7891,36.172],[-75.7904,36.1596],[-75.7894,36.1548],[-75.7803,36.1444],[-75.7771,36.1378],[-75.7738,36.115],[-75.7746,36.1051],[-75.7657,36.0842],[-75.7637,36.0755],[-75.7633,36.0661],[-75.7647,36.0601],[-75.7677,36.0553],[-75.778,36.0484],[-75.9275,36.0002],[-75.9544,35.9901],[-75.9656,35.9834],[-75.9732,35.9766],[-75.9807,35.9597],[-75.9875,35.9165],[-75.9923,35.9099],[-76.0092,35.8945],[-76.0177,35.8654],[-76.0217,35.8318],[-76.0224,35.8107],[-76.0193,35.7528],[-76.0274,35.7189],[-76.0205,35.6874],[-76.0275,35.6688],[-75.9013,35.669],[-75.898,35.6604],[-75.8905,35.6523],[-75.8901,35.6473],[-75.892,35.6433],[-75.8891,35.6419],[-75.884,35.6328],[-75.8774,35.6293],[-75.8767,35.6252],[-75.8797,35.6141],[-75.8798,35.6069],[-75.8684,35.5781],[-75.814,35.5002],[-75.7689,35.2495],[-75.7366,35.1406],[-75.7074,35.1461],[-75.6724,35.1602],[-75.6362,35.1722],[-75.5902,35.1838],[-75.5811,35.1838],[-75.5693,35.1755],[-75.5497,35.1685],[-75.5322,35.1671],[-75.5192,35.1691],[-75.5013,35.1761],[-75.4877,35.185],[-75.4846,35.1876],[-75.4709,35.2087],[-75.4593,35.2466],[-75.4478,35.3098],[-75.4261,35.3869],[-75.4235,35.4277],[-75.4151,35.5002],[-75.4024,35.5442],[-75.4001,35.5754],[-75.4004,35.5935],[-75.4068,35.637],[-75.4178,35.6861],[-75.4376,35.747],[-75.4516,35.7716],[-75.4608,35.7845],[-75.4611,35.7902],[-75.4662,35.8013],[-75.4805,35.8142],[-75.5115,35.8752],[-75.566,35.9756],[-75.5816,36.0002],[-75.6662,36.1489],[-75.7091,36.245],[-75.8131,36.2236]]]},"properties":{"GEOID":"37055","NAME":"Dare County"}},{"type":"Feature","geometry":{"type":"Polygon","coordinates":[[[-83.9534,35.4602],[-83.9443,35.4508],[-83.9357,35.4484],[-83.9283,35.4502],[-83.9141,35.4651],[-83.9075,35.4665],[-83.8954,35.4615],[-83.8815,35.4632],[-83.8738,35.4604],[-83.8681,35.4552],[-83.8659,35.4483],[-83.8443,35.4531],[-83.8379,35.4487],[-83.8314,35.451],[-83.8191,35.4504],[-83.816,35.4464],[-83.8084,35.444],[-83.8044,35.45],[-83.8046,35.4542],[-83.8008,35.4558],[-83.7756,35.4436],[-83.7567,35.4417],[-83.7328,35.4474],[-83.7211,35.443],[-83.7138,35.442],[-83.708,35.4438],[-83.703,35.4432],[-83.6748,35.4356],[-83.6699,35.4356],[-83.6646,35.4312],[-83.6579,35.4323],[-83.6522,35.4265],[-83.6459,35.4295],[-83.6446,35.4418],[-83.6424,35.4436],[-83.6323,35.4419],[-83.6235,35.4367],[-83.618,35.4358],[-83.6138,35.429],[-83.6108,35.427],[-83.6003,35.4314],[-83.5944,35.4318],[-83.5897,35.4349],[-83.5858,35.4348],[-83.5852,35.426],[-83.589,35.4189],[-83.5851,35.4182],[-83.5852,35.4133],[-83.5824,35.4096],[-83.583,35.4074],[-83.5852,35.4066],[-83.586,35.4009],[-83.5883,35.3981],[-83.5929,35.383],[-83.5954,35.3811],[-83.5931,35.377],[-83.5969,35.3719],[-83.601,35.3705],[-83.6136,35.3573],[-83.617,35.3491],[-83.6208,35.3453],[-83.6286,35.3439],[-83.639,35.3388],[-83.645,35.3402],[-83.6518,35.3369],[-83.6605,35.3356],[-83.6683,35.3312],[-83.6702,35.3286],[-83.6786,35.3282],[-83.685,35.3238],[-83.6906,35.3172],[-83.6912,35.31],[-83.6946,35.3055],[-83.6953,35.2975],[-83.6846,35.2887],[-83.6818,35.285],[-83.6817,35.2804],[-83.6789,35.2791],[-83.6731,35.2828],[-83.4957,35.2995],[-83.4903,35.3055],[-83.4867,35.3054],[-83.4741,35.2977],[-83.4676,35.2978],[-83.4636,35.299],[-83.4613,35.3017],[-83.4559,35.3028],[-83.4521,35.3142],[-83.4481,35.3167],[-83.4408,35.3172],[-83.4377,35.3219],[-83.4326,35.3252],[-83.4284,35.3245],[-83.4218,35.3176],[-83.4159,35.3195],[-83.4109,35.3165],[-83.4043,35.3249],[-83.3996,35.3278],[-83.3914,35.3255],[-83.3863,35.3268],[-83.3793,35.3255],[-83.3725,35.3291],[-83.3642,35.326],[-83.3572,35.3297],[-83.3473,35.3285],[-83.3396,35.331],[-83.3403,35.3374],[-83.3358,35.3429],[-83.3365,35.3465],[-83.3314,35.3537],[-83.3351,35.3598],[-83.3347,35.3689],[-83.337,35.3711],[-83.3385,35.3761],[-83.3374,35.3821],[-83.3459,35.3893],[-83.3429,35.3942],[-83.34,35.3955],[-83.3411,35.3974],[-83.3436,35.3974],[-83.3491,35.4012],[-83.348,35.4054],[-83.3518,35.4111],[-83.3557,35.4099],[-83.3607,35.4118],[-83.3638,35.4269],[-83.3574,35.4376],[-83.359,35.4403],[-83.3517,35.4681],[-83.3457,35.4734],[-83.3359,35.4749],[-83.332,35.4699],[-83.3179,35.4653],[-83.3118,35.4715],[-83.3089,35.4793],[-83.3049,35.4786],[-83.297,35.4843],[-83.2917,35.4831],[-83.2853,35.4889],[-83.2864,35.4925],[-83.2835,35.4974],[-83.2754,35.5005],[-83.2724,35.5047],[-83.2644,35.5065],[-83.2645,35.5107],[-83.2618,35.5145],[-83.2571,35.5132],[-83.2472,35.5167],[-83.2418,35.519],[-83.2361,35.5246],[-83.2327,35.5233],[-83.2275,35.5256],[-83.22,35.5248],[-83.2164,35.526],[-83.2111,35.5197],[-83.2077,35.518],[-83.2048,35.5194],[-83.1961,35.5194],[-83.1863,35.5144],[-83.1836,35.515],[-83.1808,35.5187],[-83.174,35.5217],[-83.1731,35.5289],[-83.1699,35.531],[-83.1717,35.5338],[-83.1716,35.5376],[-83.1654,35.5385],[-83.1629,35.5481],[-83.1597,35.5484],[-83.1558,35.5526],[-83.1595,35.5587],[-83.1601,35.5626],[-83.1633,35.5647],[-83.1621,35.5682],[-83.1667,35.5785],[-83.1752,35.5808],[-83.1835,35.5863],[-83.1832,35.5894],[-83.1846,35.5914],[-83.1832,35.5961],[-83.1854,35.5994],[-83.1827,35.6052],[-83.176,35.6125],[-83.179,35.6143],[-83.1816,35.6187],[-83.1807,35.623],[-83.1759,35.6275],[-83.1771,35.632],[-83.1875,35.6408],[-83.1999,35.6412],[-83.2024,35.6445],[-83.2028,35.6496],[-83.1964,35.6543],[-83.1947,35.6609],[-83.182,35.6713],[-83.1894,35.6735],[-83.192,35.6779],[-83.1946,35.6779],[-83.1997,35.6811],[-83.2038,35.6797],[-83.2069,35.6811],[-83.2151,35.6923],[-83.2537,35.6957],[-83.2576,35.694],[-83.2593,35.6904],[-83.2707,35.6868],[-83.2712,35.6832],[-83.2745,35.6791],[-83.2813,35.6777],[-83.284,35.6745],[-83.2903,35.6735],[-83.2935,35.6619],[-83.2982,35.6573],[-83.3121,35.6546],[-83.3218,35.6631],[-83.3347,35.6657],[-83.3387,35.6636],[-83.3411,35.6646],[-83.345,35.6612],[-83.3506,35.6606],[-83.3526,35.659],[-83.356,35.6543],[-83.3559,35.6508],[-83.3583,35.647],[-83.3661,35.641],[-83.3678,35.6378],[-83.3718,35.6392],[-83.3781,35.6346],[-83.3887,35.6336],[-83.3917,35.6266],[-83.3961,35.6229],[-83.4055,35.6205],[-83.415,35.6145],[-83.4201,35.6135],[-83.422,35.611],[-83.4323,35.61],[-83.4457,35.6117],[-83.4516,35.6035],[-83.455,35.602],[-83.4566,35.5972],[-83.4615,35.5953],[-83.4627,35.5926],[-83.4713,35.5903],[-83.4729,35.5863],[-83.4791,35.5832],[-83.4786,35.5792],[-83.4854,35.5685],[-83.4933,35.5668],[-83.4984,35.5629],[-83.5166,35.5624],[-83.5213,35.5656],[-83.532,35.5645],[-83.5407,35.5659],[-83.551,35.5635],[-83.565,35.5661],[-83.5665,35.5643],[-83.5727,35.5654],[-83.5844,35.5627],[-83.5961,35.575],[-83.5983,35.575],[-83.6018,35.5789],[-83.6083,35.58],[-83.6186,35.5723],[-83.6213,35.5727],[-83.6293,35.5682],[-83.6339,35.5707],[-83.6353,35.5681],[-83.6401,35.5662],[-83.6452,35.5659],[-83.656,35.57],[-83.661,35.5683],[-83.6638,35.5698],[-83.6798,35.5704],[-83.6877,35.5682],[-83.6956,35.5703],[-83.7012,35.5675],[-83.707,35.5686],[-83.7125,35.5664],[-83.714,35.5642],[-83.7228,35.5623],[-83.7361,35.5655],[-83.7465,35.5603],[-83.755,35.5646],[-83.7596,35.5626],[-83.7714,35.5616],[-83.7727,35.5574],[-83.7802,35.5506],[-83.7946,35.5456],[-83.7988,35.5416],[-83.8028,35.5415],[-83.808,35.5371],[-83.8099,35.533],[-83.8205,35.5257],[-83.8321,35.5246],[-83.8491,35.5186],[-83.8572,35.5216],[-83.8681,35.52],[-83.8732,35.5209],[-83.8798,35.519],[-83.8899,35.5047],[-83.9015,35.4966],[-83.9004,35.493],[-83.9058,35.4887],[-83.9117,35.4762],[-83.9166,35.4736],[-83.9241,35.4743],[-83.9367,35.4716],[-83.942,35.4673],[-83.9429,35.4644],[-83.9534,35.4602]]]},"properties":{"GEOID":"37173","NAME":"Swain County"}},{"type":"Feature","geometry":{"type":"Polygon","coordinates":[[[-81.87,35.9763],[-81.8495,35.9736],[-81.8445,35.975],[-81.8407,35.972],[-81.8357,35.9717],[-81.8326,35.9672],[-81.8176,35.9684],[-81.8125,35.964],[-81.8072,35.962],[-81.7357,36.0676],[-81.7411,36.0719],[-81.7543,36.0731],[-81.7554,36.076],[-81.7585,36.0772],[-81.758,36.0825],[-81.7608,36.0898],[-81.7741,36.0986],[-81.7813,36.1012],[-81.7857,36.1005],[-81.797,36.1072],[-81.8115,36.1115],[-81.8243,36.1567],[-81.8292,36.1688],[-81.8356,36.1685],[-81.8373,36.1729],[-81.8567,36.1936],[-81.8854,36.1895],[-81.8883,36.1966],[-81.9031,36.2073],[-81.909,36.2164],[-81.9068,36.2183],[-81.9074,36.2237],[-81.9112,36.2295],[-81.9079,36.2341],[-81.9077,36.2386],[-81.9022,36.2392],[-81.897,36.2427],[-81.8999,36.2486],[-81.9034,36.2494],[-81.9039,36.2514],[-81.9022,36.2543],[-81.9009,36.2522],[-81.9,36.254],[-81.8967,36.2551],[-81.8961,36.2564],[-81.8979,36.2575],[-81.8959,36.2582],[-81.8955,36.2604],[-81.8971,36.262],[-81.8935,36.2645],[-81.8954,36.2721],[-81.9001,36.2807],[-81.9076,36.2786],[-81.9128,36.2815],[-81.9181,36.2871],[-81.9622,36.2249],[-82.0262,36.1312],[-82.0301,36.1234],[-82.0338,36.1205],[-82.0389,36.1216],[-82.0448,36.1256],[-82.0543,36.1266],[-82.0615,36.1134],[-82.08,36.1064],[-82.081,36.1009],[-82.0758,36.0957],[-82.0768,36.0851],[-82.0696,36.0764],[-82.0719,36.0697],[-82.0392,36.0078],[-82.043,36.006],[-82.0491,36.0082],[-82.0489,36.0017],[-82.0551,35.9995],[-82.0581,35.9952],[-82.0591,35.9883],[-82.0483,35.9638],[-82.0341,35.9421],[-81.982,35.9114],[-81.9767,35.9151],[-81.9721,35.9149],[-81.9648,35.9208],[-81.9603,35.9213],[-81.9544,35.9268],[-81.9547,35.9323],[-81.9626,35.9381],[-81.963,35.9418],[-81.8999,35.9999],[-81.8814,35.9929],[-81.8778,35.989],[-81.8775,35.9812],[-81.87,35.9763]]]},"properties":{"GEOID":"37011","NAME":"Avery County"}},{"type":"Feature","geometry":{"type":"Polygon","coordinates":[[[-80.4447,36.4755],[-80.4481,36.4134],[-80.4519,36.2615],[-80.0351,36.2572],[-80.0273,36.5425],[-80.2949,36.5441],[-80.4403,36.5507],[-80.4447,36.4755]]]},"properties":{"GEOID":"37169","NAME":"Stokes County"}},{"type":"Feature","geometry":{"type":"Polygon","coordinates":[[[-77.5809,35.7252],[-77.5163,35.7613],[-77.4723,35.8011],[-77.4523,35.7999],[-77.4489,35.8068],[-77.4453,35.8089],[-77.4292,35.8052],[-77.4247,35.8057],[-77.4179,35.8112],[-77.414,35.8177],[-77.414,35.823],[-77.4125,35.8251],[-77.4096,35.8264],[-77.3971,35.8252],[-77.3913,35.8293],[-77.3902,35.8331],[-77.3504,35.8192],[-77.3494,35.8674],[-77.3444,35.8753],[-77.3424,35.9053],[-77.4092,35.9987],[-77.4026,36.005],[-77.4085,36.007],[-77.4211,36.0036],[-77.428,36.0053],[-77.4352,36.0132],[-77.4416,36.0147],[-77.438,36.0185],[-77.4393,36.0212],[-77.4541,36.0296],[-77.4674,36.0316],[-77.4749,36.0378],[-77.5176,36.0368],[-77.5224,36.0388],[-77.5267,36.0376],[-77.5267,36.0392],[-77.5293,36.0394],[-77.5287,36.0407],[-77.5246,36.04],[-77.5241,36.0441],[-77.5226,36.0451],[-77.5256,36.0478],[-77.5266,36.0465],[-77.5292,36.0474],[-77.5295,36.0505],[-77.5314,36.0497],[-77.5336,36.0524],[-77.5314,36.0533],[-77.5324,36.0561],[-77.5354,36.0548],[-77.5401,36.0611],[-77.5389,36.0648],[-77.5361,36.0633],[-77.5295,36.0689],[-77.5254,36.0692],[-77.528,36.0734],[-77.5305,36.0728],[-77.5326,36.0742],[-77.5308,36.0761],[-77.5325,36.0754],[-77.5329,36.0772],[-77.5357,36.0779],[-77.5344,36.0789],[-77.5359,36.0803],[-77.5336,36.0802],[-77.5349,36.0815],[-77.5329,36.0813],[-77.5315,36.0838],[-77.5342,36.0872],[-77.5332,36.0907],[-77.5357,36.0921],[-77.5385,36.0911],[-77.5383,36.094],[-77.5408,36.0962],[-77.5418,36.0953],[-77.5534,36.1001],[-77.5536,36.098],[-77.5577,36.0974],[-77.5575,36.0954],[-77.5603,36.0945],[-77.5631,36.0974],[-77.5697,36.0986],[-77.57,36.0969],[-77.5749,36.0983],[-77.5745,36.0999],[-77.5764,36.0997],[-77.577,36.0977],[-77.5793,36.0979],[-77.5793,36.1008],[-77.5818,36.0995],[-77.5834,36.1017],[-77.5859,36.1002],[-77.5848,36.1029],[-77.5868,36.1034],[-77.5874,36.1018],[-77.5899,36.1039],[-77.5904,36.1022],[-77.5923,36.102],[-77.5937,36.1044],[-77.5943,36.1013],[-77.5962,36.1008],[-77.5957,36.1025],[-77.5998,36.1042],[-77.6005,36.1063],[-77.6049,36.1075],[-77.6056,36.1104],[-77.6101,36.1077],[-77.6086,36.1106],[-77.611,36.1112],[-77.6107,36.1101],[-77.6148,36.1094],[-77.6196,36.1105],[-77.6207,36.1122],[-77.6224,36.1108],[-77.6245,36.1118],[-77.6253,36.1152],[-77.6265,36.1114],[-77.6281,36.1137],[-77.6272,36.115],[-77.6301,36.1154],[-77.6281,36.1196],[-77.6314,36.119],[-77.6295,36.1219],[-77.6316,36.1228],[-77.6303,36.1238],[-77.6321,36.1246],[-77.6318,36.127],[-77.6336,36.1284],[-77.6346,36.127],[-77.6366,36.1278],[-77.6354,36.1293],[-77.6364,36.1318],[-77.6409,36.1332],[-77.6434,36.1355],[-77.6438,36.1381],[-77.6485,36.137],[-77.6501,36.1381],[-77.6511,36.1353],[-77.6526,36.1379],[-77.6556,36.1371],[-77.6556,36.139],[-77.6594,36.1368],[-77.6616,36.1384],[-77.6633,36.136],[-77.6657,36.1388],[-77.6673,36.1365],[-77.6681,36.1378],[-77.6698,36.1371],[-77.6705,36.1391],[-77.6684,36.1395],[-77.6722,36.1411],[-77.6717,36.143],[-77.6768,36.144],[-77.672,36.1482],[-77.6789,36.1507],[-77.6781,36.1542],[-77.683,36.1534],[-77.6827,36.1515],[-77.6865,36.1531],[-77.6918,36.1509],[-77.698,36.1531],[-77.7036,36.1449],[-77.7055,36.121],[-77.7077,36.1137],[-77.7419,36.0611],[-77.771,36.0085],[-77.7785,35.9825],[-77.8196,35.8841],[-77.8284,35.8672],[-77.8215,35.8617],[-77.8063,35.8573],[-77.7513,35.8278],[-77.7494,35.8211],[-77.7504,35.8178],[-77.7184,35.7288],[-77.6748,35.6891],[-77.6651,35.6749],[-77.5809,35.7252]]]},"properties":{"GEOID":"37065","NAME":"Edgecombe County"}},{"type":"Feature","geometry":{"type":"Polygon","coordinates":[[[-79.2682,35.9092],[-79.2671,35.9137],[-79.264,35.9141],[-79.264,35.9678],[-79.2629,35.9687],[-79.2645,35.9737],[-79.2634,35.9737],[-79.2609,36.0401],[-79.2621,36.0617],[-79.2605,36.0665],[-79.2614,36.0709],[-79.2601,36.1032],[-79.2587,36.1038],[-79.2601,36.1078],[-79.258,36.2434],[-79.5319,36.2497],[-79.5392,36.0826],[-79.5424,35.8433],[-79.2373,35.8441],[-79.237,35.8506],[-79.2484,35.8546],[-79.2504,35.857],[-79.2489,35.8662],[-79.251,35.8711],[-79.2493,35.876],[-79.2579,35.8915],[-79.2569,35.9021],[-79.2604,35.9056],[-79.2682,35.9092]]]},"properties":{"GEOID":"37001","NAME":"Alamance County"}},{"type":"Feature","geometry":{"type":"Polygon","coordinates":[[[-80.3102,34.9065],[-80.2768,35.1957],[-80.2816,35.1958],[-80.2838,35.1925],[-80.2871,35.1914],[-80.2925,35.1941],[-80.2957,35.1941],[-80.3039,35.188],[-80.3054,35.1819],[-80.3209,35.1787],[-80.3215,35.1731],[-80.3282,35.1767],[-80.3349,35.1737],[-80.3399,35.1743],[-80.3461,35.1691],[-80.3516,35.1693],[-80.3542,35.1658],[-80.357,35.1649],[-80.3645,35.1706],[-80.366,35.1757],[-80.3701,35.1798],[-80.3768,35.1775],[-80.3796,35.1728],[-80.3883,35.1659],[-80.3978,35.1655],[-80.4029,35.1673],[-80.4086,35.1637],[-80.4122,35.1634],[-80.4157,35.1665],[-80.417,35.1716],[-80.4194,35.1728],[-80.4303,35.1662],[-80.4359,35.165],[-80.4401,35.161],[-80.4472,35.1648],[-80.4593,35.1651],[-80.4637,35.1704],[-80.4679,35.1668],[-80.4698,35.1669],[-80.4766,35.1723],[-80.4768,35.1768],[-80.479,35.1793],[-80.4827,35.18],[-80.4858,35.1764],[-80.4897,35.1757],[-80.4934,35.1789],[-80.5036,35.1817],[-80.505,35.185],[-80.5503,35.2084],[-80.701,35.0876],[-80.7699,35.0345],[-80.8045,35.0277],[-80.8116,35.0209],[-80.821,35.0173],[-80.8251,35.012],[-80.838,35.005],[-80.8403,35.0017],[-80.7819,34.9358],[-80.7975,34.8198],[-80.3208,34.8139],[-80.3102,34.9065]]]},"properties":{"GEOID":"37179","NAME":"Union County"}},{"type":"Feature","geometry":{"type":"Polygon","coordinates":[[[-82.4167,36.0728],[-82.4001,36.0712],[-82.3991,36.0731],[-82.4027,36.0788],[-82.4015,36.0811],[-82.3987,36.0819],[-82.3857,36.0764],[-82.3801,36.0707],[-82.3766,36.0709],[-82.3713,36.0762],[-82.3593,36.0785],[-82.3565,36.0829],[-82.352,36.0845],[-82.3485,36.0785],[-82.3453,36.0765],[-82.3442,36.0699],[-82.3407,36.0656],[-82.337,36.0551],[-82.3362,36.0448],[-82.3399,36.0354],[-82.3382,36.0301],[-82.3236,36.0292],[-82.3196,36.0254],[-82.3124,36.0261],[-82.3114,36.0277],[-82.3133,36.0347],[-82.3123,36.0376],[-82.3099,36.0401],[-82.3049,36.041],[-82.3019,36.0452],[-82.2997,36.0457],[-82.2987,36.0394],[-82.2909,36.0294],[-82.2811,36.026],[-82.2681,36.0166],[-82.2679,36.0144],[-82.2729,36.0108],[-82.2735,36.0031],[-82.2627,35.9998],[-82.2578,35.9927],[-82.2514,35.9889],[-82.2492,35.991],[-82.254,36.0053],[-82.2521,36.0087],[-82.2372,36.0047],[-82.2376,36.0094],[-82.2333,36.0135],[-82.2278,36.0129],[-82.2142,36.0171],[-82.2092,36.0165],[-82.2056,36.0141],[-82.1997,36.0159],[-82.1976,36.0151],[-82.1944,36.0105],[-82.1936,36.0011],[-82.1964,36.0005],[-82.2004,36.0061],[-82.2038,36.0059],[-82.2042,36.0039],[-82.1979,35.9955],[-82.1974,35.9922],[-82.1917,35.9906],[-82.1913,35.986],[-82.1927,35.984],[-82.1912,35.9815],[-82.1913,35.9703],[-82.194,35.9673],[-82.1859,35.9601],[-82.1873,35.9581],[-82.1928,35.9595],[-82.1941,35.9556],[-82.1977,35.9522],[-82.1937,35.9509],[-82.1916,35.9471],[-82.1842,35.9424],[-82.1835,35.9376],[-82.1772,35.9356],[-82.1697,35.9286],[-82.1677,35.9293],[-82.1684,35.9327],[-82.1666,35.9345],[-82.1604,35.9304],[-82.1548,35.9336],[-82.1452,35.9314],[-82.1527,35.9285],[-82.1502,35.9244],[-82.155,35.9211],[-82.1534,35.9181],[-82.1549,35.9149],[-82.1518,35.9147],[-82.1501,35.9165],[-82.1498,35.9136],[-82.1472,35.9116],[-82.1446,35.9136],[-82.1427,35.9084],[-82.1445,35.904],[-82.1469,35.9062],[-82.1465,35.8972],[-82.1447,35.8965],[-82.1499,35.8912],[-82.1465,35.8891],[-82.1469,35.8827],[-82.1448,35.8803],[-82.1463,35.8636],[-82.1412,35.8579],[-82.1428,35.8552],[-82.1427,35.8488],[-82.1386,35.8459],[-82.1414,35.8419],[-82.1438,35.8439],[-82.1465,35.8416],[-82.1501,35.8417],[-82.1467,35.8373],[-82.1436,35.8269],[-82.145,35.8238],[-82.1473,35.8245],[-82.1483,35.8227],[-82.1335,35.8233],[-82.1301,35.8253],[-82.1212,35.8246],[-82.1172,35.8326],[-82.1098,35.835],[-82.1018,35.8408],[-82.0999,35.851],[-82.0983,35.8521],[-82.0922,35.8492],[-82.0896,35.851],[-82.0747,35.8483],[-82.0716,35.8504],[-82.0634,35.8519],[-82.0593,35.8511],[-82.048,35.8532],[-82.0373,35.8588],[-82.034,35.8622],[-82.0332,35.865],[-82.0296,35.8679],[-82.0273,35.8777],[-82.0285,35.8793],[-82.0222,35.8851],[-82.0136,35.8852],[-82.0075,35.8827],[-82.0032,35.8783],[-82.0034,35.8758],[-81.9994,35.874],[-81.9915,35.8762],[-81.9897,35.8802],[-81.9802,35.8848],[-81.981,35.8896],[-81.979,35.9014],[-81.982,35.9114],[-82.0341,35.9421],[-82.0486,35.9645],[-82.0588,35.9872],[-82.059,35.991],[-82.0551,35.9995],[-82.0489,36.0017],[-82.0491,36.0082],[-82.043,36.006],[-82.0392,36.0078],[-82.0719,36.0697],[-82.0695,36.076],[-82.0717,36.0804],[-82.0768,36.0851],[-82.0759,36.0958],[-82.0807,36.1],[-82.0811,36.1032],[-82.0868,36.1061],[-82.1003,36.1057],[-82.1054,36.1078],[-82.1164,36.1043],[-82.1302,36.1046],[-82.1379,36.1195],[-82.137,36.129],[-82.141,36.1388],[-82.1445,36.1404],[-82.1444,36.1441],[-82.1486,36.1499],[-82.1657,36.145],[-82.1685,36.1467],[-82.1729,36.1465],[-82.1772,36.1424],[-82.1836,36.1439],[-82.1875,36.1509],[-82.1929,36.1491],[-82.2041,36.1573],[-82.2132,36.1591],[-82.2219,36.157],[-82.2243,36.1508],[-82.2295,36.1446],[-82.2419,36.1371],[-82.2451,36.1312],[-82.2511,36.1321],[-82.2543,36.1361],[-82.2603,36.1335],[-82.2639,36.1273],[-82.2668,36.127],[-82.2734,36.1293],[-82.28,36.1291],[-82.2898,36.1356],[-82.3025,36.1315],[-82.3204,36.1198],[-82.3232,36.1202],[-82.3318,36.1175],[-82.3361,36.1147],[-82.3474,36.1151],[-82.3502,36.117],[-82.3554,36.1154],[-82.3645,36.1075],[-82.3749,36.1061],[-82.3787,36.1033],[-82.3805,36.0993],[-82.3892,36.0971],[-82.398,36.0904],[-82.4025,36.0891],[-82.4098,36.083],[-82.4167,36.0728]]]},"properties":{"GEOID":"37121","NAME":"Mitchell County"}},{"type":"Feature","geometry":{"type":"Polygon","coordinates":[[[-77.3054,34.4843],[-77.2951,34.489],[-77.2602,34.511],[-77.2192,34.5397],[-77.2015,34.5492],[-77.1606,34.569],[-77.123,34.5844],[-77.1172,34.5844],[-77.1129,34.6385],[-77.108,34.6397],[-77.1084,34.6431],[-77.1118,34.6466],[-77.1132,34.651],[-77.1017,34.6619],[-77.0961,34.6712],[-77.1079,34.6759],[-77.1135,34.6805],[-77.1134,34.6829],[-77.1086,34.6873],[-77.1052,34.6947],[-77.106,34.7103],[-77.1092,34.7179],[-77.1218,34.7315],[-77.1258,34.7483],[-77.1256,34.7567],[-77.1313,34.7589],[-77.1358,34.7646],[-77.1393,34.7601],[-77.1417,34.7597],[-77.1434,34.7658],[-77.149,34.7685],[-77.155,34.7656],[-77.1579,34.766],[-77.1584,34.7695],[-77.1507,34.7708],[-77.1531,34.7731],[-77.1535,34.7765],[-77.1551,34.7767],[-77.1576,34.7736],[-77.1599,34.7741],[-77.1603,34.7764],[-77.1574,34.7808],[-77.1603,34.7819],[-77.1632,34.7792],[-77.1655,34.7792],[-77.1665,34.7805],[-77.1653,34.7841],[-77.1665,34.7853],[-77.1694,34.7807],[-77.1727,34.7806],[-77.1731,34.7824],[-77.1702,34.7851],[-77.174,34.7857],[-77.1752,34.7875],[-77.1709,34.7904],[-77.1758,34.792],[-77.1754,34.7963],[-77.1905,34.8023],[-77.1892,34.8063],[-77.1931,34.8069],[-77.1961,34.8097],[-77.1931,34.8144],[-77.1958,34.8176],[-77.1922,34.8172],[-77.1864,34.8195],[-77.1843,34.8263],[-77.1795,34.8295],[-77.1813,34.8362],[-77.185,34.8366],[-77.1854,34.835],[-77.1887,34.8333],[-77.1917,34.8338],[-77.1908,34.8324],[-77.1933,34.8319],[-77.1963,34.8342],[-77.1973,34.8326],[-77.2018,34.8343],[-77.2014,34.8364],[-77.2033,34.837],[-77.2015,34.8381],[-77.2009,34.842],[-77.2034,34.8427],[-77.2027,34.8453],[-77.205,34.846],[-77.2046,34.8478],[-77.2059,34.8475],[-77.2122,34.8533],[-77.21,34.8587],[-77.213,34.8604],[-77.2128,34.8625],[-77.2196,34.8703],[-77.2159,34.8733],[-77.2224,34.8821],[-77.2228,34.8834],[-77.2208,34.8846],[-77.222,34.887],[-77.2311,34.8852],[-77.2341,34.8861],[-77.2319,34.8929],[-77.2333,34.8939],[-77.2343,34.8915],[-77.2388,34.8936],[-77.2374,34.9],[-77.2402,34.8989],[-77.2498,34.9009],[-77.2505,34.9033],[-77.2522,34.9031],[-77.2506,34.9067],[-77.2515,34.9082],[-77.25,34.9091],[-77.2532,34.9107],[-77.2581,34.9085],[-77.2598,34.9093],[-77.2597,34.9149],[-77.2622,34.9188],[-77.2646,34.9191],[-77.2641,34.921],[-77.2672,34.9232],[-77.2676,34.9258],[-77.2833,34.9278],[-77.2852,34.9313],[-77.2946,34.9305],[-77.2979,34.9339],[-77.3043,34.9343],[-77.3089,34.9376],[-77.3116,34.9364],[-77.3109,34.9354],[-77.3134,34.9326],[-77.317,34.9323],[-77.319,34.9349],[-77.3226,34.9348],[-77.3282,34.9385],[-77.332,34.9391],[-77.3417,34.9345],[-77.3432,34.9313],[-77.3568,34.9292],[-77.3604,34.9259],[-77.3631,34.9258],[-77.3653,34.9232],[-77.3668,34.9087],[-77.5028,34.9696],[-77.639,34.9845],[-77.6801,34.9711],[-77.6534,34.9405],[-77.651,34.9233],[-77.6661,34.8397],[-77.677,34.7996],[-77.6789,34.7846],[-77.6801,34.7206],[-77.6151,34.5791],[-77.5766,34.4828],[-77.5773,34.4815],[-77.5762,34.482],[-77.5749,34.4787],[-77.5761,34.4765],[-77.5724,34.477],[-77.5718,34.4725],[-77.5675,34.4698],[-77.5628,34.4695],[-77.5615,34.4713],[-77.5583,34.4694],[-77.5534,34.4715],[-77.5487,34.467],[-77.5459,34.4667],[-77.5455,34.4648],[-77.5435,34.4652],[-77.544,34.4633],[-77.541,34.4648],[-77.5415,34.4632],[-77.5391,34.463],[-77.5372,34.4592],[-77.5322,34.4573],[-77.4845,34.3997],[-77.4188,34.4359],[-77.3413,34.4717],[-77.3054,34.4843]]]},"properties":{"GEOID":"37133","NAME":"Onslow County"}},{"type":"Feature","geometry":{"type":"Polygon","coordinates":[[[-79.4588,35.0436],[-79.4562,35.0395],[-79.4573,35.0377],[-79.4528,35.0338],[-79.4521,35.0304],[-79.4501,35.0302],[-79.4493,35.0269],[-79.4458,35.026],[-79.442,35.0223],[-79.4313,35.0201],[-79.4249,35.0104],[-79.4211,35.009],[-79.416,35.0029],[-79.4101,35.002],[-79.4076,34.9992],[-79.4012,34.9974],[-79.3984,34.994],[-79.3965,34.9941],[-79.3966,34.9918],[-79.3902,34.9859],[-79.3906,34.9838],[-79.3884,34.9815],[-79.3863,34.9815],[-79.3819,34.9765],[-79.3785,34.9758],[-79.3705,34.9666],[-79.3699,34.9633],[-79.364,34.9603],[-79.3624,34.9575],[-79.3608,34.9579],[-79.3636,34.9542],[-79.3621,34.9531],[-79.3622,34.9503],[-79.3585,34.9497],[-79.3553,34.9448],[-79.3531,34.9443],[-79.3529,34.9396],[-79.3543,34.9386],[-79.3532,34.9369],[-79.3547,34.9372],[-79.3542,34.9345],[-79.3561,34.9331],[-79.3546,34.9266],[-79.3524,34.9241],[-79.351,34.9246],[-79.3497,34.9214],[-79.3517,34.9198],[-79.3504,34.9175],[-79.3521,34.9111],[-79.3485,34.903],[-79.3483,34.8996],[-79.3498,34.8989],[-79.3483,34.8962],[-79.3503,34.8945],[-79.3489,34.8937],[-79.3465,34.8791],[-79.3443,34.8777],[-79.3451,34.8746],[-79.342,34.8719],[-79.3435,34.8684],[-79.3421,34.8683],[-79.3415,34.8623],[-79.3378,34.8593],[-79.339,34.857],[-79.3373,34.8564],[-79.3369,34.8538],[-79.3402,34.8518],[-79.3388,34.8504],[-79.3421,34.8492],[-79.3418,34.8475],[-79.3453,34.846],[-79.3451,34.8434],[-79.3479,34.8431],[-79.3479,34.8386],[-79.1914,34.8337],[-79.0356,34.9552],[-79.0376,34.9575],[-79.0348,34.9631],[-79.0373,34.967],[-79.041,34.9678],[-79.0435,34.9752],[-79.047,34.9783],[-79.0497,34.992],[-79.0568,34.9983],[-79.0619,35.0091],[-79.0714,35.0145],[-79.0723,35.018],[-79.0842,35.0355],[-79.0903,35.042],[-79.0901,35.0458],[-79.0918,35.0476],[-79.0882,35.0495],[-79.0882,35.0517],[-79.0932,35.0564],[-79.0904,35.0594],[-79.0921,35.0639],[-79.0894,35.0734],[-79.0905,35.0779],[-79.0934,35.0796],[-79.0917,35.0829],[-79.0932,35.0903],[-79.0985,35.0943],[-79.0996,35.0989],[-79.0983,35.101],[-79.0998,35.103],[-79.099,35.1055],[-79.1008,35.1081],[-79.1013,35.1146],[-79.1055,35.1215],[-79.1091,35.1247],[-79.1119,35.1242],[-79.1129,35.1257],[-79.0976,35.1742],[-79.1011,35.1719],[-79.1034,35.1727],[-79.1044,35.1752],[-79.1075,35.1759],[-79.1101,35.1705],[-79.1199,35.1717],[-79.1253,35.1665],[-79.1276,35.1677],[-79.1282,35.1716],[-79.1315,35.1739],[-79.1296,35.1757],[-79.133,35.1777],[-79.1363,35.1771],[-79.1373,35.1716],[-79.1428,35.169],[-79.1489,35.1731],[-79.1476,35.1762],[-79.1518,35.1741],[-79.155,35.1766],[-79.1544,35.1807],[-79.1564,35.1799],[-79.1604,35.1825],[-79.1593,35.1795],[-79.1615,35.1787],[-79.162,35.1805],[-79.1683,35.1814],[-79.168,35.1851],[-79.1727,35.1863],[-79.1724,35.1915],[-79.1752,35.1931],[-79.1783,35.1918],[-79.1786,35.1899],[-79.1811,35.1898],[-79.1838,35.1907],[-79.185,35.1937],[-79.1886,35.1941],[-79.189,35.1924],[-79.1949,35.1944],[-79.1951,35.1916],[-79.196,35.193],[-79.2043,35.1926],[-79.2042,35.1957],[-79.2062,35.1937],[-79.2081,35.1948],[-79.2118,35.194],[-79.2183,35.1983],[-79.2198,35.2024],[-79.2235,35.2021],[-79.2297,35.2106],[-79.2367,35.2108],[-79.241,35.2085],[-79.2421,35.2093],[-79.2407,35.212],[-79.2429,35.2138],[-79.2467,35.2131],[-79.2496,35.2074],[-79.2557,35.2029],[-79.2595,35.2045],[-79.2646,35.1992],[-79.2752,35.1979],[-79.2771,35.1955],[-79.2815,35.1952],[-79.285,35.1929],[-79.2844,35.1902],[-79.2863,35.1906],[-79.2911,35.1876],[-79.2928,35.1884],[-79.2945,35.1848],[-79.3043,35.1771],[-79.3046,35.1752],[-79.3105,35.173],[-79.3123,35.1685],[-79.324,35.1669],[-79.3293,35.1645],[-79.3285,35.1615],[-79.3355,35.1616],[-79.4588,35.0436]]]},"properties":{"GEOID":"37093","NAME":"Hoke County"}},{"type":"Feature","geometry":{"type":"Polygon","coordinates":[[[-80.6283,35.1457],[-80.5503,35.2084],[-80.6667,35.2682],[-80.6931,35.3464],[-80.7089,35.3553],[-80.7444,35.3807],[-80.7553,35.3948],[-80.7664,35.4015],[-80.7635,35.4121],[-80.7522,35.4141],[-80.773,35.4577],[-80.7734,35.4631],[-80.7793,35.472],[-80.7819,35.4838],[-80.7868,35.4931],[-80.7842,35.506],[-80.9067,35.5148],[-80.9473,35.4885],[-80.9453,35.4836],[-80.9481,35.48],[-80.9517,35.4682],[-80.9506,35.4653],[-80.9433,35.4594],[-80.9424,35.4551],[-80.9461,35.4497],[-80.9504,35.4473],[-80.9586,35.4329],[-80.9551,35.421],[-80.9588,35.4119],[-80.9544,35.3988],[-80.9548,35.3938],[-80.9575,35.391],[-80.968,35.3876],[-80.9766,35.3825],[-80.985,35.3815],[-80.9867,35.3795],[-80.9868,35.3757],[-80.983,35.3675],[-80.9764,35.3642],[-80.9736,35.364],[-80.9689,35.3671],[-80.9648,35.3735],[-80.9602,35.3754],[-80.9577,35.3746],[-80.9549,35.3698],[-80.9511,35.367],[-80.9359,35.3621],[-80.9269,35.3625],[-80.923,35.3599],[-80.9265,35.3579],[-80.9342,35.3569],[-80.9429,35.3507],[-80.9546,35.3507],[-80.9621,35.347],[-80.9676,35.351],[-80.9722,35.3506],[-80.9751,35.3447],[-80.9849,35.3401],[-80.9852,35.337],[-80.981,35.3316],[-80.9815,35.3276],[-80.9902,35.3196],[-80.9954,35.3095],[-81.0012,35.3049],[-81.009,35.281],[-81.0151,35.2687],[-81.014,35.258],[-81.0082,35.2485],[-81.0142,35.2221],[-81.0054,35.2084],[-81.0061,35.1951],[-81.0024,35.1821],[-81.0034,35.172],[-81.0073,35.1652],[-81.0058,35.157],[-81.0098,35.153],[-81.0171,35.1543],[-81.0247,35.1489],[-81.0436,35.148],[-81.0476,35.1452],[-81.052,35.1328],[-81.0388,35.1254],[-81.0328,35.1138],[-81.0324,35.1096],[-81.0361,35.1032],[-81.047,35.1003],[-81.0515,35.097],[-81.057,35.0864],[-81.0577,35.0619],[-81.0509,35.0567],[-81.0415,35.0447],[-80.9347,35.1073],[-80.8853,35.054],[-80.8403,35.0017],[-80.838,35.005],[-80.8251,35.012],[-80.821,35.0173],[-80.8116,35.0209],[-80.8045,35.0277],[-80.7699,35.0345],[-80.6283,35.1457]]]},"properties":{"GEOID":"37119","NAME":"Mecklenburg County"}},{"type":"Feature","geometry":{"type":"Polygon","coordinates":[[[-78.5083,36.183],[-78.5112,36.4548],[-78.5009,36.487],[-78.5041,36.4883],[-78.5023,36.4911],[-78.5045,36.4918],[-78.5042,36.4952],[-78.5023,36.4981],[-78.5006,36.4983],[-78.5015,36.5016],[-78.5002,36.504],[-78.4949,36.5082],[-78.4969,36.5084],[-78.4977,36.5147],[-78.4938,36.5161],[-78.4933,36.5183],[-78.4863,36.5182],[-78.4855,36.5168],[-78.4802,36.518],[-78.4755,36.5221],[-78.4729,36.5212],[-78.4705,36.5227],[-78.4702,36.5258],[-78.4683,36.5236],[-78.4666,36.524],[-78.4651,36.5256],[-78.4693,36.5267],[-78.4671,36.5322],[-78.464,36.5336],[-78.4589,36.5318],[-78.4585,36.5335],[-78.4559,36.5334],[-78.4549,36.5357],[-78.456,36.5383],[-78.4535,36.5403],[-78.4573,36.5415],[-78.4569,36.5425],[-78.5109,36.541],[-78.7963,36.5417],[-78.7948,36.5264],[-78.8053,36.0939],[-78.8031,36.0896],[-78.8075,36.0873],[-78.7983,36.0846],[-78.7926,36.086],[-78.7908,36.0811],[-78.7931,36.0777],[-78.7893,36.0788],[-78.7849,36.0767],[-78.7881,36.0729],[-78.7834,36.0699],[-78.7806,36.0723],[-78.7513,36.0708],[-78.7156,36.0761],[-78.6832,36.0745],[-78.6037,36.0424],[-78.5464,36.0218],[-78.5448,36.0808],[-78.4966,36.1752],[-78.4993,36.1758],[-78.5083,36.183]]]},"properties":{"GEOID":"37077","NAME":"Granville County"}},{"type":"Feature","geometry":{"type":"Polygon","coordinates":[[[-79.3354,35.1616],[-79.3285,35.1615],[-79.3293,35.1645],[-79.324,35.1669],[-79.3123,35.1685],[-79.3105,35.173],[-79.3046,35.1752],[-79.3043,35.1771],[-79.2945,35.1848],[-79.2928,35.1884],[-79.2911,35.1876],[-79.2863,35.1906],[-79.2844,35.1902],[-79.285,35.1929],[-79.2815,35.1952],[-79.2771,35.1955],[-79.2752,35.1979],[-79.2646,35.1992],[-79.2595,35.2045],[-79.2557,35.2029],[-79.2496,35.2074],[-79.2467,35.2131],[-79.2436,35.2138],[-79.2407,35.212],[-79.2421,35.2093],[-79.241,35.2085],[-79.2367,35.2108],[-79.2297,35.2106],[-79.2235,35.2021],[-79.2198,35.2024],[-79.2183,35.1983],[-79.2118,35.194],[-79.2081,35.1948],[-79.2062,35.1937],[-79.2042,35.1957],[-79.2043,35.1926],[-79.196,35.193],[-79.1951,35.1916],[-79.1949,35.1944],[-79.189,35.1924],[-79.1886,35.1941],[-79.185,35.1937],[-79.1838,35.1907],[-79.1811,35.1898],[-79.1786,35.1899],[-79.1783,35.1918],[-79.1752,35.1931],[-79.1724,35.1915],[-79.1727,35.1863],[-79.168,35.1851],[-79.1683,35.1814],[-79.162,35.1805],[-79.1615,35.1787],[-79.1593,35.1795],[-79.1604,35.1825],[-79.1564,35.1799],[-79.1544,35.1807],[-79.155,35.1766],[-79.1518,35.1741],[-79.1476,35.1762],[-79.1489,35.1731],[-79.1427,35.169],[-79.1371,35.1717],[-79.1362,35.1772],[-79.133,35.1777],[-79.1296,35.1757],[-79.1315,35.1739],[-79.1282,35.1716],[-79.1276,35.1677],[-79.1253,35.1665],[-79.1199,35.1717],[-79.1101,35.1705],[-79.1072,35.1759],[-79.1009,35.1719],[-79.0976,35.1742],[-79.0963,35.1779],[-79.0987,35.1839],[-79.0981,35.1886],[-79.0958,35.1921],[-79.1008,35.1964],[-79.1205,35.2048],[-79.1346,35.2068],[-79.1379,35.2114],[-79.1513,35.2137],[-79.1541,35.2199],[-79.1539,35.2292],[-79.1592,35.233],[-79.1651,35.2409],[-79.1787,35.2478],[-79.1869,35.2473],[-79.1935,35.2501],[-79.2025,35.2582],[-79.223,35.2681],[-79.1836,35.3072],[-79.222,35.3243],[-79.2543,35.3433],[-79.2657,35.3453],[-79.2735,35.3526],[-79.2719,35.3623],[-79.2751,35.3658],[-79.2771,35.3769],[-79.2839,35.386],[-79.2896,35.4004],[-79.294,35.3996],[-79.3045,35.4048],[-79.3056,35.4075],[-79.3106,35.4086],[-79.3119,35.4129],[-79.3174,35.4199],[-79.3252,35.4208],[-79.3274,35.4216],[-79.3263,35.4225],[-79.3273,35.4237],[-79.3297,35.4234],[-79.3295,35.4312],[-79.3269,35.4329],[-79.3267,35.4348],[-79.329,35.4364],[-79.3289,35.4392],[-79.3323,35.4408],[-79.3346,35.4448],[-79.3419,35.4487],[-79.3412,35.4509],[-79.3461,35.457],[-79.3505,35.4579],[-79.3516,35.4595],[-79.3483,35.4634],[-79.3527,35.4644],[-79.3519,35.4656],[-79.3551,35.4645],[-79.3556,35.4695],[-79.3571,35.4681],[-79.3598,35.4699],[-79.3566,35.4733],[-79.3598,35.4777],[-79.3515,35.4777],[-79.3456,35.4883],[-79.3392,35.4923],[-79.3359,35.4978],[-79.3405,35.5063],[-79.3512,35.5143],[-79.3501,35.518],[-79.768,35.5115],[-79.7642,35.4757],[-79.7517,35.444],[-79.7099,35.3013],[-79.7113,35.2997],[-79.7105,35.2926],[-79.7125,35.2866],[-79.7119,35.2756],[-79.7053,35.2682],[-79.7027,35.2559],[-79.698,35.2515],[-79.6879,35.25],[-79.6854,35.2477],[-79.6816,35.2481],[-79.6723,35.2447],[-79.6695,35.2399],[-79.6693,35.235],[-79.6679,35.2345],[-79.6686,35.2296],[-79.6643,35.2266],[-79.6648,35.2165],[-79.6621,35.2119],[-79.6621,35.2048],[-79.6576,35.1916],[-79.6493,35.1886],[-79.637,35.176],[-79.6277,35.1745],[-79.6275,35.1701],[-79.6224,35.1703],[-79.6218,35.1718],[-79.6177,35.168],[-79.616,35.1684],[-79.6144,35.1597],[-79.6102,35.1554],[-79.6094,35.149],[-79.6063,35.149],[-79.6051,35.1476],[-79.6059,35.1463],[-79.6023,35.1465],[-79.5891,35.139],[-79.5876,35.136],[-79.5853,35.1352],[-79.5844,35.1291],[-79.5734,35.1227],[-79.5756,35.1112],[-79.5748,35.1013],[-79.583,35.0879],[-79.5828,35.084],[-79.5797,35.0789],[-79.5803,35.0772],[-79.5762,35.0701],[-79.5724,35.0692],[-79.5651,35.0637],[-79.564,35.0649],[-79.5496,35.0664],[-79.5386,35.0647],[-79.5236,35.0662],[-79.5079,35.0615],[-79.4992,35.0639],[-79.4925,35.0613],[-79.4924,35.06],[-79.4883,35.061],[-79.4863,35.0589],[-79.4831,35.0595],[-79.4774,35.0572],[-79.4753,35.0521],[-79.4707,35.0484],[-79.4673,35.0479],[-79.4618,35.0434],[-79.4588,35.0436],[-79.3354,35.1616]]]},"properties":{"GEOID":"37125","NAME":"Moore County"}},{"type":"Feature","geometry":{"type":"Polygon","coordinates":[[[-80.8335,35.5096],[-80.7842,35.506],[-80.7372,35.5058],[-80.7373,35.5249],[-80.7408,35.5322],[-80.7422,35.5408],[-80.7398,35.5441],[-80.7716,35.6722],[-80.7078,35.8529],[-80.6932,36.0513],[-80.9757,36.0588],[-81.0288,36.0457],[-81.0034,35.9967],[-81.0055,35.9583],[-81.0413,35.8579],[-81.0605,35.8351],[-81.0646,35.8246],[-81.0701,35.8181],[-81.0775,35.8127],[-81.0793,35.809],[-81.0789,35.8028],[-81.0867,35.7967],[-81.0937,35.794],[-81.101,35.7875],[-81.102,35.7834],[-81.1058,35.7819],[-81.1065,35.7785],[-81.1095,35.7766],[-81.1024,35.7683],[-81.0938,35.7688],[-81.0903,35.7666],[-81.0887,35.7643],[-81.0906,35.7589],[-81.0899,35.7566],[-81.0679,35.7381],[-81.064,35.7285],[-81.0658,35.7195],[-81.0649,35.7143],[-81.0626,35.7116],[-81.0417,35.7074],[-81.0177,35.7127],[-81.0032,35.7092],[-80.9937,35.7013],[-80.9909,35.6941],[-80.9865,35.6917],[-80.9831,35.6871],[-80.9815,35.6817],[-80.9667,35.671],[-80.9659,35.6647],[-80.9608,35.6598],[-80.9527,35.643],[-80.9424,35.6366],[-80.938,35.6311],[-80.9255,35.6209],[-80.9255,35.619],[-80.9283,35.6163],[-80.939,35.6129],[-80.9435,35.6058],[-80.941,35.6008],[-80.9346,35.5956],[-80.9341,35.59],[-80.937,35.5875],[-80.9499,35.5826],[-80.9564,35.5718],[-80.9569,35.5655],[-80.9535,35.554],[-80.9594,35.5488],[-80.9597,35.546],[-80.9421,35.5326],[-80.9397,35.5292],[-80.9413,35.5267],[-80.9448,35.526],[-80.9539,35.5323],[-80.9565,35.5317],[-80.9578,35.5237],[-80.956,35.5151],[-80.9635,35.506],[-80.9604,35.4962],[-80.9495,35.4924],[-80.9473,35.4885],[-80.9067,35.5148],[-80.8335,35.5096]]]},"properties":{"GEOID":"37097","NAME":"Iredell County"}},{"type":"Feature","geometry":{"type":"Polygon","coordinates":[[[-78.3567,36.2347],[-78.3381,36.2344],[-78.3326,36.2417],[-78.3148,36.2562],[-78.305,36.2679],[-78.3021,36.2747],[-78.2922,36.285],[-78.2909,36.2903],[-78.2772,36.3061],[-78.324,36.5438],[-78.4569,36.5425],[-78.4573,36.5415],[-78.4534,36.5401],[-78.456,36.5383],[-78.4553,36.5341],[-78.4586,36.5335],[-78.4589,36.5318],[-78.464,36.5336],[-78.4671,36.5322],[-78.4693,36.5267],[-78.4652,36.5256],[-78.4663,36.5241],[-78.4683,36.5236],[-78.4702,36.5258],[-78.4705,36.5227],[-78.4729,36.5212],[-78.4755,36.5221],[-78.4802,36.518],[-78.4855,36.5168],[-78.4863,36.5182],[-78.4933,36.5183],[-78.4938,36.5161],[-78.4977,36.5147],[-78.4969,36.5084],[-78.4949,36.5082],[-78.5002,36.504],[-78.5015,36.5016],[-78.5006,36.4983],[-78.5023,36.4981],[-78.5042,36.4952],[-78.5045,36.4918],[-78.5023,36.4911],[-78.5041,36.4883],[-78.5009,36.487],[-78.5112,36.4548],[-78.5083,36.1829],[-78.4993,36.1758],[-78.4962,36.1751],[-78.4957,36.1802],[-78.4924,36.1839],[-78.4845,36.179],[-78.4856,36.1751],[-78.4661,36.1723],[-78.4607,36.17],[-78.4604,36.1659],[-78.4579,36.1637],[-78.454,36.168],[-78.4499,36.1691],[-78.4318,36.1667],[-78.4324,36.1644],[-78.4216,36.1644],[-78.422,36.1681],[-78.4181,36.1675],[-78.4166,36.1693],[-78.4121,36.1696],[-78.3781,36.2351],[-78.3567,36.2347]]]},"properties":{"GEOID":"37181","NAME":"Vance County"}},{"type":"Feature","geometry":{"type":"Polygon","coordinates":[[[-77.1644,36.5463],[-77.1639,36.5441],[-77.1604,36.542],[-77.1576,36.543],[-77.1573,36.5399],[-77.1549,36.5414],[-77.1527,36.5397],[-77.151,36.5405],[-77.1515,36.5384],[-77.1534,36.538],[-77.1494,36.5365],[-77.1487,36.5341],[-77.1507,36.5333],[-77.1504,36.5305],[-77.1526,36.5298],[-77.1485,36.5268],[-77.1485,36.5251],[-77.1354,36.5237],[-77.1312,36.5223],[-77.127,36.5181],[-77.1228,36.5204],[-77.1211,36.5192],[-77.1218,36.5221],[-77.1189,36.5232],[-77.1141,36.5215],[-77.1144,36.5183],[-77.1033,36.5166],[-77.1032,36.521],[-77.0991,36.517],[-77.0958,36.5165],[-77.0928,36.5182],[-77.087,36.5135],[-77.0834,36.5132],[-77.0833,36.5072],[-77.0809,36.5072],[-77.0852,36.5053],[-77.084,36.501],[-77.0857,36.5003],[-77.08,36.4964],[-77.078,36.4976],[-77.0769,36.496],[-77.0747,36.4962],[-77.074,36.4995],[-77.0716,36.4974],[-77.0701,36.4988],[-77.0665,36.497],[-77.0699,36.4945],[-77.0671,36.4924],[-77.0694,36.4894],[-77.0687,36.4872],[-77.0663,36.4872],[-77.0676,36.4848],[-77.0663,36.4832],[-77.0709,36.4835],[-77.0713,36.4793],[-77.075,36.481],[-77.0744,36.4781],[-77.0767,36.4806],[-77.0799,36.4788],[-77.0829,36.4767],[-77.0813,36.4749],[-77.0836,36.4723],[-77.0854,36.4755],[-77.0917,36.4717],[-77.0936,36.4723],[-77.0999,36.4791],[-77.1014,36.4772],[-77.1074,36.4758],[-77.1123,36.4777],[-77.1146,36.4739],[-77.1195,36.474],[-77.123,36.4712],[-77.1265,36.464],[-77.137,36.4559],[-77.1365,36.4474],[-77.1316,36.4415],[-77.1313,36.4378],[-77.1785,36.317],[-77.2085,36.2466],[-77.1831,36.2428],[-77.0086,36.2391],[-76.9857,36.2421],[-76.9714,36.2381],[-76.9438,36.2414],[-76.9282,36.2401],[-76.9034,36.243],[-76.7066,36.2438],[-76.6905,36.2678],[-76.6898,36.2732],[-76.6948,36.285],[-76.6975,36.2978],[-76.7154,36.3072],[-76.7259,36.3183],[-76.7365,36.3248],[-76.7585,36.3502],[-76.7613,36.3524],[-76.7685,36.3537],[-76.7766,36.3611],[-76.7828,36.363],[-76.7899,36.3601],[-76.7954,36.3597],[-76.8227,36.3644],[-76.8317,36.3715],[-76.8392,36.3744],[-76.8521,36.3756],[-76.8741,36.3832],[-76.8828,36.383],[-76.8936,36.3901],[-76.9079,36.3907],[-76.93,36.3999],[-76.9432,36.4095],[-76.9472,36.4161],[-76.9452,36.4411],[-76.949,36.4573],[-76.9467,36.4658],[-76.9506,36.4708],[-76.9471,36.4724],[-76.9344,36.4713],[-76.9334,36.4735],[-76.9364,36.4801],[-76.9352,36.484],[-76.9253,36.4883],[-76.92,36.5049],[-76.913,36.5042],[-76.9071,36.5092],[-76.9066,36.5157],[-76.9031,36.5191],[-76.904,36.5214],[-76.9162,36.5307],[-76.9226,36.5288],[-76.925,36.5307],[-76.9239,36.5323],[-76.92,36.5323],[-76.9216,36.5382],[-76.9164,36.5387],[-76.9143,36.5436],[-77.1529,36.5441],[-77.1644,36.5463]]]},"properties":{"GEOID":"37091","NAME":"Hertford County"}},{"type":"Feature","geometry":{"type":"Polygon","coordinates":[[[-79.5903,35.5145],[-79.5558,35.515],[-79.5532,35.5993],[-79.5462,35.7187],[-79.5417,35.8999],[-80.0469,35.9207],[-80.0599,35.6787],[-80.0668,35.5057],[-79.9068,35.5098],[-79.5903,35.5145]]]},"properties":{"GEOID":"37151","NAME":"Randolph County"}},{"type":"Feature","geometry":{"type":"Polygon","coordinates":[[[-81.2277,36.0308],[-81.238,36.0308],[-81.2407,36.0264],[-81.2444,36.0248],[-81.2499,36.0273],[-81.2532,36.0254],[-81.2565,36.0265],[-81.2685,36.025],[-81.2721,36.0216],[-81.2814,36.0183],[-81.2845,36.0154],[-81.2839,36.0129],[-81.3004,36.0062],[-81.3012,36.0044],[-81.312,36.0051],[-81.3145,36.0041],[-81.3139,36.0015],[-81.3179,35.9969],[-81.3225,35.9968],[-81.3265,35.9948],[-81.3283,35.9966],[-81.3429,35.9232],[-81.3334,35.8789],[-81.344,35.8246],[-81.3424,35.8224],[-81.3399,35.8242],[-81.3374,35.8179],[-81.34,35.8161],[-81.3357,35.8145],[-81.3379,35.8126],[-81.335,35.8038],[-81.3319,35.8027],[-81.3343,35.7963],[-81.3159,35.7969],[-81.3083,35.8025],[-81.3045,35.8026],[-81.2981,35.7982],[-81.289,35.8004],[-81.2801,35.8061],[-81.2673,35.8045],[-81.2541,35.8088],[-81.2496,35.8157],[-81.241,35.8128],[-81.2322,35.8124],[-81.2258,35.8095],[-81.2162,35.8173],[-81.2051,35.8228],[-81.2019,35.8233],[-81.1961,35.8212],[-81.1759,35.8231],[-81.1683,35.8256],[-81.1603,35.8251],[-81.1549,35.8283],[-81.1496,35.829],[-81.1423,35.8274],[-81.1411,35.8122],[-81.1386,35.8084],[-81.1308,35.8032],[-81.1284,35.7894],[-81.1229,35.7849],[-81.1158,35.7823],[-81.1095,35.7766],[-81.1065,35.7785],[-81.1058,35.7819],[-81.102,35.7834],[-81.101,35.7875],[-81.0937,35.794],[-81.0867,35.7967],[-81.0789,35.8028],[-81.0793,35.809],[-81.0775,35.8127],[-81.0701,35.8181],[-81.0646,35.8246],[-81.0605,35.8351],[-81.0413,35.8579],[-81.0055,35.9583],[-81.0034,35.9967],[-81.0288,36.0457],[-81.0485,36.0411],[-81.0576,36.0315],[-81.0981,36.0282],[-81.0986,36.0309],[-81.1049,36.0355],[-81.1117,36.0377],[-81.1158,36.0342],[-81.1215,36.0356],[-81.1235,36.0378],[-81.1368,36.0364],[-81.1398,36.0377],[-81.1455,36.0339],[-81.1673,36.0255],[-81.1739,36.0262],[-81.1749,36.0274],[-81.1738,36.0291],[-81.1757,36.0311],[-81.1825,36.0331],[-81.1858,36.0357],[-81.1895,36.0355],[-81.1903,36.0372],[-81.1959,36.035],[-81.2029,36.0361],[-81.2074,36.0327],[-81.2123,36.0341],[-81.2193,36.0298],[-81.2277,36.0308]]]},"properties":{"GEOID":"37003","NAME":"Alexander County"}},{"type":"Feature","geometry":{"type":"Polygon","coordinates":[[[-81.7681,35.1806],[-81.328,35.1635],[-81.3237,35.1896],[-81.3243,35.2413],[-81.3217,35.2604],[-81.3535,35.2774],[-81.3555,35.2802],[-81.3554,35.2962],[-81.3666,35.3151],[-81.3638,35.3234],[-81.3567,35.3306],[-81.3828,35.3461],[-81.3989,35.3531],[-81.4586,35.4233],[-81.4814,35.4715],[-81.513,35.5233],[-81.5095,35.5361],[-81.5092,35.5504],[-81.5154,35.5583],[-81.5373,35.5642],[-81.5464,35.5648],[-81.5557,35.5622],[-81.5611,35.5629],[-81.5671,35.5582],[-81.5729,35.5585],[-81.5791,35.5622],[-81.5772,35.5664],[-81.5804,35.5675],[-81.5914,35.5651],[-81.5949,35.5672],[-81.5962,35.5713],[-81.6072,35.5668],[-81.6174,35.5655],[-81.6186,35.5672],[-81.633,35.5654],[-81.6334,35.5673],[-81.6354,35.565],[-81.649,35.5616],[-81.6567,35.5653],[-81.6604,35.5654],[-81.6622,35.5675],[-81.671,35.5668],[-81.6801,35.5764],[-81.6844,35.5772],[-81.6868,35.5793],[-81.6902,35.5843],[-81.6927,35.583],[-81.6922,35.5461],[-81.7029,35.3573],[-81.7595,35.2226],[-81.7681,35.1806]]]},"properties":{"GEOID":"37045","NAME":"Cleveland County"}},{"type":"Feature","geometry":{"type":"Polygon","coordinates":[[[-84.298,35.1685],[-84.3218,34.9884],[-84.0051,34.9872],[-84.0058,34.9892],[-84.0034,34.9914],[-84.0046,34.9942],[-84.0036,34.9955],[-83.999,34.9962],[-83.9842,35.0049],[-83.9799,35.0058],[-83.9713,35.0124],[-83.9717,35.0153],[-83.9645,35.0186],[-83.9565,35.0263],[-83.9607,35.0309],[-83.9584,35.0389],[-83.9661,35.044],[-83.9628,35.046],[-83.964,35.0481],[-83.9609,35.0492],[-83.9565,35.0543],[-83.9488,35.0538],[-83.9437,35.0559],[-83.9346,35.0658],[-83.9337,35.0689],[-83.9311,35.0694],[-83.9274,35.0667],[-83.9227,35.0741],[-83.9167,35.0746],[-83.9077,35.0782],[-83.9053,35.0866],[-83.896,35.0919],[-83.8877,35.0991],[-83.8831,35.1061],[-83.876,35.1103],[-83.8742,35.1142],[-83.8637,35.1204],[-83.8655,35.1273],[-83.8628,35.1324],[-83.8571,35.1371],[-83.8407,35.1438],[-83.8346,35.1429],[-83.8329,35.1406],[-83.8178,35.1388],[-83.8081,35.1416],[-83.8066,35.1441],[-83.7971,35.1449],[-83.7948,35.1481],[-83.785,35.1478],[-83.7783,35.15],[-83.7728,35.1559],[-83.7679,35.157],[-83.7648,35.1555],[-83.7559,35.1572],[-83.7527,35.1608],[-83.7455,35.1607],[-83.7381,35.1559],[-83.7306,35.1718],[-83.7323,35.1748],[-83.7315,35.1786],[-83.7253,35.1835],[-83.7162,35.1865],[-83.7119,35.1904],[-83.7113,35.1957],[-83.7159,35.1995],[-83.7195,35.1968],[-83.7288,35.2009],[-83.7227,35.2098],[-83.7132,35.2131],[-83.71,35.2189],[-83.6973,35.2248],[-83.6938,35.2287],[-83.6901,35.2375],[-83.6918,35.2429],[-83.6952,35.2438],[-83.6981,35.2472],[-83.7044,35.2492],[-83.7032,35.2515],[-83.7078,35.2551],[-83.7086,35.2576],[-83.7131,35.2577],[-83.7188,35.2533],[-83.7227,35.253],[-83.7342,35.245],[-83.7455,35.2452],[-83.7568,35.2425],[-83.7616,35.2479],[-83.7672,35.2482],[-83.7735,35.2457],[-83.7814,35.2522],[-83.7879,35.2528],[-83.7899,35.2555],[-83.7952,35.2575],[-83.8066,35.2528],[-83.8099,35.2525],[-83.8135,35.2547],[-83.8223,35.2503],[-83.8256,35.2512],[-83.8311,35.2561],[-83.8413,35.2543],[-83.8452,35.2552],[-83.8487,35.2533],[-83.8512,35.2494],[-83.8647,35.2474],[-83.8692,35.2434],[-83.8737,35.2441],[-83.8797,35.2385],[-83.888,35.2348],[-83.8923,35.2349],[-83.8934,35.2333],[-83.9011,35.2385],[-83.907,35.2335],[-83.926,35.228],[-83.9341,35.223],[-83.9434,35.2225],[-83.9428,35.2206],[-83.9454,35.2198],[-83.9573,35.2204],[-83.9569,35.2185],[-83.959,35.2169],[-83.9672,35.2178],[-83.9763,35.2215],[-83.9774,35.2256],[-83.9834,35.2296],[-83.9978,35.2322],[-84.0029,35.235],[-84.004,35.2398],[-84.0064,35.2417],[-84.0009,35.2496],[-84.0024,35.2508],[-84.0018,35.2529],[-84.0059,35.2531],[-84.011,35.2572],[-84.0096,35.2731],[-84.0164,35.2761],[-84.0161,35.2779],[-84.0198,35.2798],[-84.0225,35.2869],[-84.0265,35.2888],[-84.0291,35.2922],[-84.0362,35.2884],[-84.0411,35.2793],[-84.0469,35.2742],[-84.051,35.2733],[-84.0548,35.2689],[-84.0809,35.2613],[-84.0825,35.2563],[-84.0923,35.2494],[-84.0975,35.2476],[-84.1026,35.2484],[-84.1065,35.2515],[-84.1136,35.249],[-84.1199,35.252],[-84.1252,35.2499],[-84.1267,35.2463],[-84.1257,35.2421],[-84.1271,35.2408],[-84.1336,35.2424],[-84.1394,35.2461],[-84.1478,35.2469],[-84.1592,35.2457],[-84.1615,35.2435],[-84.17,35.2465],[-84.1788,35.2405],[-84.1885,35.2401],[-84.1934,35.2448],[-84.1995,35.2439],[-84.203,35.2553],[-84.2114,35.2656],[-84.2175,35.2681],[-84.2212,35.2675],[-84.2238,35.269],[-84.2275,35.2679],[-84.2425,35.2535],[-84.2537,35.249],[-84.2587,35.2453],[-84.2604,35.2418],[-84.2759,35.2342],[-84.2833,35.2265],[-84.2881,35.2243],[-84.2902,35.2254],[-84.298,35.1685]]]},"properties":{"GEOID":"37039","NAME":"Cherokee County"}},{"type":"Feature","geometry":{"type":"Polygon","coordinates":[[[-77.7007,35.6523],[-77.6948,35.6518],[-77.6883,35.6489],[-77.6804,35.6387],[-77.6827,35.6337],[-77.6816,35.6308],[-77.6736,35.6232],[-77.6624,35.6193],[-77.6288,35.586],[-77.6215,35.5821],[-77.6104,35.5676],[-77.6014,35.5669],[-77.5914,35.5632],[-77.5815,35.5536],[-77.5708,35.5488],[-77.5664,35.5399],[-77.5578,35.5319],[-77.5412,35.5331],[-77.5346,35.5295],[-77.531,35.5304],[-77.5301,35.528],[-77.5252,35.5283],[-77.5255,35.5252],[-77.5235,35.526],[-77.5224,35.5238],[-77.5253,35.5197],[-77.5224,35.5178],[-77.5184,35.5173],[-77.5173,35.519],[-77.5129,35.518],[-77.5104,35.5198],[-77.5073,35.517],[-77.5034,35.518],[-77.5071,35.5109],[-77.5058,35.5102],[-77.5113,35.5082],[-77.5059,35.5049],[-77.507,35.5022],[-77.5116,35.4989],[-77.5116,35.497],[-77.5071,35.4961],[-77.5071,35.494],[-77.502,35.4916],[-77.5025,35.4896],[-77.5009,35.4893],[-77.5027,35.4858],[-77.5008,35.4864],[-77.5011,35.4838],[-77.4988,35.4798],[-77.4941,35.4774],[-77.4943,35.4734],[-77.4903,35.4681],[-77.4935,35.4623],[-77.4841,35.4579],[-77.4863,35.4554],[-77.4854,35.4527],[-77.4805,35.4515],[-77.482,35.4505],[-77.4822,35.4473],[-77.4844,35.4475],[-77.4844,35.4452],[-77.4819,35.4449],[-77.4816,35.4435],[-77.48,35.4468],[-77.4767,35.4453],[-77.4796,35.4393],[-77.4744,35.4396],[-77.4769,35.4306],[-77.4759,35.427],[-77.473,35.426],[-77.47,35.4208],[-77.4713,35.4168],[-77.4705,35.4094],[-77.4637,35.4044],[-77.4649,35.4027],[-77.4633,35.4012],[-77.4608,35.4006],[-77.4632,35.4003],[-77.463,35.3989],[-77.4561,35.3956],[-77.4582,35.3941],[-77.4556,35.3927],[-77.4516,35.3943],[-77.4517,35.3921],[-77.4486,35.3929],[-77.4504,35.3916],[-77.4494,35.3893],[-77.455,35.3855],[-77.4498,35.381],[-77.4451,35.3805],[-77.4488,35.3746],[-77.4482,35.3715],[-77.4404,35.367],[-77.4318,35.3673],[-77.4271,35.3599],[-77.4271,35.3508],[-77.4257,35.3492],[-77.4213,35.3489],[-77.4208,35.3515],[-77.4188,35.3526],[-77.4133,35.3517],[-77.4081,35.3533],[-77.4013,35.3481],[-77.3931,35.3469],[-77.3917,35.3454],[-77.391,35.3395],[-77.3826,35.3343],[-77.3648,35.333],[-77.3532,35.3274],[-77.3504,35.3284],[-77.2943,35.3791],[-77.2794,35.3757],[-77.2693,35.3692],[-77.2679,35.366],[-77.2701,35.3594],[-77.2672,35.3543],[-77.2605,35.3517],[-77.2477,35.3545],[-77.2379,35.3615],[-77.2394,35.3664],[-77.2368,35.3718],[-77.2385,35.3756],[-77.2381,35.3801],[-77.2396,35.3814],[-77.2373,35.3834],[-77.2365,35.3889],[-77.2346,35.3911],[-77.2271,35.3932],[-77.2285,35.3953],[-77.2271,35.3998],[-77.2219,35.4003],[-77.2201,35.402],[-77.2112,35.3982],[-77.2016,35.3987],[-77.1966,35.4047],[-77.1928,35.4138],[-77.1893,35.4166],[-77.1905,35.4192],[-77.1892,35.4262],[-77.1912,35.435],[-77.1814,35.4407],[-77.18,35.4442],[-77.1823,35.4482],[-77.1808,35.4551],[-77.1738,35.4566],[-77.1738,35.485],[-77.1671,35.4969],[-77.1765,35.5013],[-77.1782,35.5077],[-77.1762,35.5191],[-77.1271,35.5541],[-77.1132,35.5497],[-77.0846,35.5526],[-77.0888,35.5544],[-77.0875,35.5585],[-77.0892,35.5586],[-77.0897,35.5605],[-77.0865,35.5628],[-77.0907,35.5693],[-77.0972,35.5647],[-77.1016,35.5663],[-77.1005,35.5677],[-77.1023,35.5687],[-77.1017,35.5701],[-77.1073,35.5713],[-77.1088,35.5692],[-77.1105,35.5696],[-77.1119,35.5748],[-77.1096,35.5757],[-77.1067,35.5814],[-77.1099,35.5831],[-77.1143,35.5803],[-77.1172,35.5814],[-77.1141,35.5884],[-77.1182,35.5868],[-77.118,35.5832],[-77.1255,35.5847],[-77.1254,35.5866],[-77.124,35.5855],[-77.1233,35.5865],[-77.1238,35.592],[-77.1219,35.592],[-77.1246,35.5969],[-77.127,35.5973],[-77.127,35.5945],[-77.1285,35.5939],[-77.1292,35.5961],[-77.1301,35.5946],[-77.1317,35.5964],[-77.1347,35.5962],[-77.139,35.6022],[-77.1431,35.5988],[-77.1444,35.5994],[-77.1441,35.6016],[-77.1507,35.6024],[-77.1483,35.6046],[-77.1464,35.6042],[-77.1471,35.6052],[-77.1424,35.6037],[-77.1402,35.6057],[-77.1457,35.6088],[-77.1436,35.6151],[-77.1445,35.6161],[-77.1424,35.6179],[-77.1436,35.6205],[-77.1481,35.6202],[-77.152,35.6262],[-77.1573,35.6266],[-77.1593,35.6297],[-77.1616,35.6291],[-77.1625,35.6332],[-77.165,35.6309],[-77.1679,35.631],[-77.1742,35.6356],[-77.1728,35.6442],[-77.1747,35.6587],[-77.1807,35.6649],[-77.1775,35.6694],[-77.172,35.669],[-77.1682,35.6702],[-77.167,35.6723],[-77.1725,35.6774],[-77.1694,35.6786],[-77.1699,35.6846],[-77.1753,35.6873],[-77.1772,35.6842],[-77.1797,35.6851],[-77.1811,35.6931],[-77.1878,35.6954],[-77.1902,35.6933],[-77.1929,35.6941],[-77.1958,35.6998],[-77.1935,35.7015],[-77.1946,35.7036],[-77.1938,35.7096],[-77.1872,35.7123],[-77.1877,35.7146],[-77.1849,35.7205],[-77.1828,35.7185],[-77.1708,35.7165],[-77.1711,35.7226],[-77.1746,35.7261],[-77.1739,35.7339],[-77.1787,35.7394],[-77.1823,35.7419],[-77.1845,35.7407],[-77.1916,35.7441],[-77.1921,35.747],[-77.2024,35.7464],[-77.2038,35.7489],[-77.2011,35.7508],[-77.2014,35.7522],[-77.2155,35.7599],[-77.2228,35.7587],[-77.2395,35.7621],[-77.246,35.7605],[-77.2521,35.7622],[-77.2556,35.7654],[-77.2598,35.7652],[-77.2646,35.7715],[-77.2648,35.7744],[-77.2553,35.783],[-77.2552,35.7864],[-77.3902,35.8331],[-77.3913,35.8293],[-77.3971,35.8252],[-77.4096,35.8264],[-77.4125,35.8251],[-77.414,35.823],[-77.414,35.8177],[-77.4179,35.8112],[-77.4247,35.8057],[-77.4292,35.8052],[-77.4453,35.8089],[-77.4489,35.8068],[-77.4523,35.7999],[-77.4723,35.8011],[-77.5163,35.7613],[-77.5629,35.7359],[-77.6703,35.6722],[-77.7007,35.6523]]]},"properties":{"GEOID":"37147","NAME":"Pitt County"}},{"type":"Feature","geometry":{"type":"Polygon","coordinates":[[[-77.9832,35.5857],[-77.8244,35.5865],[-77.8227,35.5854],[-77.8165,35.5884],[-77.8063,35.5834],[-77.7535,35.616],[-77.6881,35.6609],[-77.6651,35.6749],[-77.6748,35.6891],[-77.7184,35.7288],[-77.7504,35.8178],[-77.7494,35.8211],[-77.7513,35.8278],[-77.8063,35.8573],[-77.8215,35.8617],[-77.8284,35.8672],[-77.8447,35.8376],[-77.8531,35.8439],[-77.8739,35.8497],[-77.8831,35.8462],[-77.8974,35.8439],[-78.0067,35.7995],[-78.1471,35.7458],[-78.182,35.738],[-78.189,35.7342],[-78.1921,35.7305],[-78.1823,35.7289],[-78.1804,35.7254],[-78.1764,35.7249],[-78.1757,35.723],[-78.1775,35.721],[-78.175,35.7176],[-78.1706,35.7171],[-78.1681,35.7133],[-78.1639,35.7128],[-78.1639,35.7142],[-78.1612,35.7127],[-78.1613,35.6982],[-78.1578,35.6856],[-78.1256,35.6031],[-78.0648,35.5853],[-78.058,35.5978],[-77.9983,35.5856],[-77.9832,35.5857]]]},"properties":{"GEOID":"37195","NAME":"Wilson County"}},{"type":"Feature","geometry":{"type":"Polygon","coordinates":[[[-78.4184,35.2553],[-78.4919,35.2633],[-78.5222,35.295],[-78.5266,35.303],[-78.5383,35.3164],[-78.5477,35.311],[-78.5555,35.3096],[-78.5599,35.3063],[-78.5577,35.3047],[-78.5643,35.3044],[-78.5703,35.3021],[-78.5725,35.2977],[-78.5761,35.296],[-78.5819,35.2981],[-78.5853,35.2935],[-78.5833,35.291],[-78.5856,35.2846],[-78.5831,35.2791],[-78.5846,35.2733],[-78.5985,35.265],[-78.6,35.2584],[-78.6087,35.2544],[-78.6169,35.2463],[-78.6173,35.2408],[-78.6153,35.2381],[-78.619,35.2341],[-78.6183,35.2295],[-78.6195,35.2269],[-78.624,35.2208],[-78.6305,35.2174],[-78.6332,35.2137],[-78.6332,35.2112],[-78.6278,35.2058],[-78.6254,35.2057],[-78.6245,35.2034],[-78.627,35.2012],[-78.6321,35.2011],[-78.6369,35.1979],[-78.6426,35.2009],[-78.6467,35.1981],[-78.6401,35.1924],[-78.6359,35.192],[-78.64,35.1858],[-78.6387,35.1818],[-78.6352,35.1797],[-78.6349,35.1772],[-78.6299,35.1725],[-78.6321,35.1699],[-78.6356,35.1709],[-78.6389,35.1672],[-78.6378,35.1652],[-78.6324,35.1639],[-78.6337,35.1571],[-78.6381,35.1574],[-78.6399,35.1551],[-78.636,35.1508],[-78.638,35.1484],[-78.6369,35.1418],[-78.6347,35.1399],[-78.6355,35.1374],[-78.6384,35.1326],[-78.6417,35.1317],[-78.6429,35.128],[-78.6488,35.1252],[-78.6525,35.121],[-78.6518,35.1188],[-78.6493,35.1178],[-78.6415,35.1211],[-78.639,35.117],[-78.6431,35.1131],[-78.6506,35.1131],[-78.6538,35.1114],[-78.654,35.1079],[-78.6519,35.1037],[-78.6544,35.1007],[-78.6579,35.1014],[-78.659,35.1],[-78.6582,35.0945],[-78.6636,35.0922],[-78.6673,35.0937],[-78.6705,35.0927],[-78.6705,35.0877],[-78.6723,35.0852],[-78.6692,35.0805],[-78.6656,35.0805],[-78.663,35.0781],[-78.6625,35.0695],[-78.6641,35.0673],[-78.6606,35.0633],[-78.6616,35.0599],[-78.6541,35.0496],[-78.6593,35.0429],[-78.6535,35.0345],[-78.6559,35.0346],[-78.6496,35.0269],[-78.6501,35.0237],[-78.6529,35.0206],[-78.6499,35.0186],[-78.6502,35.0151],[-78.645,35.0101],[-78.6476,35.0056],[-78.6458,35.0034],[-78.647,35.0012],[-78.6465,34.9956],[-78.6477,34.9947],[-78.6466,34.9915],[-78.6433,34.989],[-78.6363,34.9878],[-78.6346,34.9857],[-78.6372,34.9811],[-78.6341,34.9777],[-78.6323,34.9781],[-78.6276,34.9745],[-78.6272,34.9716],[-78.6238,34.9687],[-78.6205,34.9682],[-78.6185,34.9643],[-78.6112,34.9609],[-78.6108,34.9578],[-78.6075,34.9536],[-78.6051,34.9543],[-78.6021,34.9513],[-78.5988,34.9519],[-78.5948,34.9498],[-78.5883,34.9421],[-78.5845,34.9418],[-78.5836,34.9384],[-78.5728,34.9375],[-78.5727,34.9298],[-78.5703,34.9268],[-78.5645,34.9251],[-78.5618,34.9176],[-78.5577,34.9153],[-78.5506,34.9149],[-78.548,34.9169],[-78.5445,34.9148],[-78.542,34.9113],[-78.5431,34.9094],[-78.5419,34.9081],[-78.5458,34.9051],[-78.5457,34.9026],[-78.5475,34.9023],[-78.5469,34.9006],[-78.5369,34.8952],[-78.5351,34.8956],[-78.535,34.8937],[-78.5265,34.8912],[-78.5247,34.884],[-78.5197,34.8823],[-78.5197,34.8838],[-78.5176,34.8838],[-78.5128,34.8808],[-78.5151,34.8752],[-78.5128,34.8724],[-78.5132,34.8692],[-78.5026,34.8646],[-78.5025,34.8621],[-78.4995,34.8592],[-78.4949,34.859],[-78.4955,34.8523],[-78.4921,34.8493],[-78.4936,34.8431],[-78.4896,34.8428],[-78.4908,34.841],[-78.4883,34.8394],[-78.4877,34.8364],[-78.4854,34.835],[-78.4822,34.8368],[-78.4658,34.8276],[-78.4649,34.8262],[-78.4673,34.8233],[-78.4665,34.822],[-78.4647,34.8206],[-78.4631,34.8224],[-78.4619,34.8211],[-78.4601,34.8221],[-78.4588,34.8199],[-78.4594,34.8128],[-78.4498,34.8135],[-78.4478,34.8108],[-78.4494,34.8078],[-78.441,34.8005],[-78.4448,34.7977],[-78.4373,34.7923],[-78.4392,34.7911],[-78.4387,34.7857],[-78.4298,34.7822],[-78.4284,34.7804],[-78.4303,34.7765],[-78.4237,34.773],[-78.4232,34.7708],[-78.4245,34.7699],[-78.4209,34.7679],[-78.4204,34.7659],[-78.41,34.7654],[-78.4091,34.7615],[-78.4058,34.7594],[-78.4076,34.7576],[-78.4055,34.7563],[-78.4035,34.7571],[-78.4037,34.7546],[-78.4003,34.753],[-78.4008,34.7517],[-78.3988,34.7501],[-78.3952,34.7511],[-78.3909,34.7497],[-78.3919,34.7482],[-78.39,34.7448],[-78.3929,34.7442],[-78.3928,34.7421],[-78.3876,34.7381],[-78.3929,34.7327],[-78.392,34.7298],[-78.3835,34.7264],[-78.3829,34.7236],[-78.3793,34.7234],[-78.3795,34.7205],[-78.3823,34.7173],[-78.3762,34.7128],[-78.3778,34.7125],[-78.3764,34.7115],[-78.3774,34.7098],[-78.3685,34.7045],[-78.3717,34.7024],[-78.3693,34.7004],[-78.3738,34.7015],[-78.3734,34.6992],[-78.3691,34.6968],[-78.3666,34.6931],[-78.3656,34.6951],[-78.3619,34.6955],[-78.3606,34.6938],[-78.3627,34.6933],[-78.3619,34.6913],[-78.3581,34.6929],[-78.3552,34.6901],[-78.3495,34.6923],[-78.3503,34.6891],[-78.3488,34.6883],[-78.3487,34.6901],[-78.347,34.6906],[-78.3462,34.6842],[-78.3444,34.6839],[-78.3476,34.6823],[-78.3471,34.6804],[-78.345,34.6804],[-78.3445,34.6788],[-78.3423,34.6799],[-78.3385,34.6747],[-78.3308,34.6726],[-78.3308,34.6715],[-78.3276,34.6709],[-78.3278,34.6691],[-78.3255,34.6697],[-78.3235,34.6655],[-78.3261,34.666],[-78.3272,34.6643],[-78.3255,34.6631],[-78.3266,34.6559],[-78.3226,34.6539],[-78.3247,34.6498],[-78.3221,34.6488],[-78.3209,34.6501],[-78.318,34.6468],[-78.319,34.6458],[-78.3139,34.6447],[-78.3127,34.6436],[-78.3134,34.6414],[-78.3114,34.6412],[-78.3126,34.6386],[-78.3169,34.6357],[-78.314,34.6331],[-78.3212,34.6313],[-78.3224,34.6289],[-78.3194,34.6271],[-78.3165,34.6284],[-78.3157,34.6271],[-78.3171,34.6263],[-78.3131,34.6259],[-78.3144,34.619],[-78.3112,34.6157],[-78.3129,34.614],[-78.311,34.612],[-78.3069,34.6134],[-78.3046,34.611],[-78.3064,34.6085],[-78.304,34.6071],[-78.3048,34.6056],[-78.3035,34.6039],[-78.3055,34.6032],[-78.3028,34.6028],[-78.3032,34.6005],[-78.3008,34.6013],[-78.2979,34.5997],[-78.2942,34.6019],[-78.2912,34.6005],[-78.2927,34.5971],[-78.289,34.5981],[-78.2871,34.5931],[-78.2859,34.5938],[-78.2824,34.5907],[-78.2798,34.5911],[-78.2804,34.589],[-78.2749,34.5842],[-78.2752,34.5814],[-78.2735,34.583],[-78.2713,34.581],[-78.266,34.5837],[-78.2651,34.5791],[-78.2627,34.5788],[-78.264,34.5765],[-78.2606,34.5742],[-78.2622,34.5713],[-78.2577,34.5683],[-78.2549,34.5688],[-78.2544,34.564],[-78.2517,34.5621],[-78.2604,34.5562],[-78.2569,34.5558],[-78.2544,34.5536],[-78.1565,34.6791],[-78.1135,34.7072],[-78.114,34.7218],[-78.1247,34.7133],[-78.1352,34.7102],[-78.1506,34.722],[-78.1986,34.7416],[-78.1471,34.9025],[-78.1598,35.0798],[-78.1718,35.0935],[-78.1707,35.1149],[-78.163,35.1373],[-78.1646,35.1691],[-78.1618,35.2043],[-78.2462,35.226],[-78.3066,35.2876],[-78.3977,35.263],[-78.4117,35.2547],[-78.4184,35.2553]]]},"properties":{"GEOID":"37163","NAME":"Sampson County"}},{"type":"Feature","geometry":{"type":"Polygon","coordinates":[[[-81.6549,36.1184],[-81.5455,36.1175],[-81.5004,36.1425],[-81.4558,36.2004],[-81.4599,36.2021],[-81.4618,36.2061],[-81.4612,36.2113],[-81.4635,36.2127],[-81.4664,36.2204],[-81.4667,36.225],[-81.4653,36.2266],[-81.475,36.2316],[-81.4777,36.2358],[-81.4775,36.2402],[-81.4863,36.2413],[-81.5151,36.2569],[-81.5217,36.2553],[-81.5326,36.2657],[-81.5468,36.2722],[-81.5522,36.2764],[-81.5661,36.272],[-81.574,36.2816],[-81.5742,36.2837],[-81.5822,36.2911],[-81.5892,36.3031],[-81.5974,36.3087],[-81.6382,36.3496],[-81.7288,36.3913],[-81.7305,36.3883],[-81.7295,36.3854],[-81.7347,36.3794],[-81.7261,36.3688],[-81.7271,36.3656],[-81.7229,36.3612],[-81.7225,36.3586],[-81.7244,36.3577],[-81.7215,36.3513],[-81.7168,36.3476],[-81.7082,36.3463],[-81.7061,36.3437],[-81.7053,36.3414],[-81.7075,36.3352],[-81.7185,36.3361],[-81.7278,36.3414],[-81.736,36.343],[-81.7396,36.3398],[-81.7457,36.3376],[-81.7545,36.337],[-81.7611,36.3403],[-81.765,36.3387],[-81.7692,36.3425],[-81.7741,36.3438],[-81.7789,36.3486],[-81.7897,36.3483],[-81.7908,36.3556],[-81.7936,36.359],[-81.7931,36.3624],[-81.7973,36.3585],[-81.8009,36.358],[-81.8103,36.3519],[-81.833,36.3473],[-81.8519,36.337],[-81.855,36.3372],[-81.8655,36.3292],[-81.8666,36.3262],[-81.8795,36.3138],[-81.8872,36.3092],[-81.8983,36.3073],[-81.9082,36.302],[-81.9181,36.2871],[-81.9176,36.2855],[-81.9073,36.2785],[-81.9001,36.2807],[-81.8954,36.2721],[-81.8935,36.2645],[-81.8971,36.262],[-81.8955,36.2604],[-81.8959,36.2582],[-81.8979,36.2575],[-81.8961,36.2564],[-81.8967,36.2551],[-81.9,36.254],[-81.9009,36.2522],[-81.9022,36.2543],[-81.9039,36.2514],[-81.9034,36.2494],[-81.8999,36.2486],[-81.897,36.2427],[-81.9022,36.2392],[-81.9077,36.2386],[-81.9079,36.2341],[-81.9112,36.2295],[-81.9074,36.2237],[-81.9068,36.2183],[-81.909,36.2164],[-81.9028,36.207],[-81.8883,36.1966],[-81.8854,36.1895],[-81.8568,36.1937],[-81.8373,36.1729],[-81.8356,36.1685],[-81.8294,36.169],[-81.8243,36.1567],[-81.8115,36.1115],[-81.6748,36.1226],[-81.6606,36.1184],[-81.6549,36.1184]]]},"properties":{"GEOID":"37189","NAME":"Watauga County"}},{"type":"Feature","geometry":{"type":"Polygon","coordinates":[[[-76.3406,34.7513],[-76.3157,34.776],[-76.2496,34.8346],[-76.2192,34.8564],[-76.1246,34.9331],[-76.0244,35.0054],[-76.0069,35.006],[-76.0066,35.0539],[-76.016,35.0653],[-76.019,35.0654],[-76.0658,35.1249],[-76.3041,35.2015],[-76.6247,35.0309],[-76.7116,34.9818],[-76.6854,34.9642],[-76.6526,34.9376],[-76.6627,34.9119],[-76.6696,34.9051],[-76.683,34.8993],[-76.6863,34.8954],[-76.6868,34.8887],[-76.691,34.8824],[-76.693,34.8692],[-76.758,34.8463],[-76.7664,34.8488],[-76.7718,34.8467],[-76.8832,34.8449],[-76.8822,34.8367],[-76.9548,34.8245],[-76.9544,34.8091],[-77.0783,34.8113],[-77.0803,34.81],[-77.085,34.8111],[-77.0901,34.8087],[-77.0907,34.7993],[-77.0961,34.7992],[-77.1074,34.8031],[-77.1127,34.7965],[-77.1156,34.7972],[-77.1162,34.7939],[-77.12,34.7945],[-77.1236,34.7926],[-77.1254,34.7934],[-77.1256,34.7962],[-77.1281,34.7959],[-77.1307,34.7981],[-77.1342,34.7968],[-77.1357,34.798],[-77.1422,34.797],[-77.1442,34.7933],[-77.1478,34.7942],[-77.1533,34.7926],[-77.1612,34.7952],[-77.1644,34.7905],[-77.1678,34.791],[-77.1654,34.7879],[-77.1621,34.7872],[-77.163,34.7855],[-77.166,34.785],[-77.1663,34.7798],[-77.164,34.7789],[-77.1607,34.7818],[-77.1584,34.7817],[-77.1571,34.7797],[-77.1601,34.777],[-77.1601,34.7743],[-77.1576,34.7736],[-77.154,34.7768],[-77.1531,34.7731],[-77.1507,34.7712],[-77.1584,34.7695],[-77.1579,34.766],[-77.155,34.7656],[-77.149,34.7685],[-77.1434,34.7658],[-77.1417,34.7597],[-77.1393,34.7601],[-77.1358,34.7646],[-77.1313,34.7589],[-77.1256,34.7567],[-77.1258,34.7483],[-77.1218,34.7315],[-77.1092,34.7179],[-77.106,34.7103],[-77.1052,34.6947],[-77.1086,34.6873],[-77.1134,34.6829],[-77.1135,34.6805],[-77.1079,34.6759],[-77.0961,34.6712],[-77.1017,34.6619],[-77.1132,34.651],[-77.1118,34.6466],[-77.1084,34.6431],[-77.108,34.6397],[-77.1129,34.6385],[-77.1172,34.5844],[-77.0943,34.5886],[-77.0792,34.596],[-76.9997,34.617],[-76.951,34.6252],[-76.8189,34.6433],[-76.7497,34.6477],[-76.7298,34.6472],[-76.6928,34.643],[-76.6772,34.6343],[-76.6147,34.6183],[-76.6123,34.6001],[-76.5955,34.5778],[-76.5907,34.5631],[-76.5837,34.5526],[-76.5721,34.5425],[-76.5625,34.5369],[-76.5479,34.5328],[-76.5316,34.5317],[-76.5244,34.5322],[-76.5042,34.5396],[-76.492,34.5465],[-76.4832,34.5564],[-76.4775,34.5662],[-76.4663,34.5957],[-76.439,34.6403],[-76.3746,34.716],[-76.3406,34.7513]]]},"properties":{"GEOID":"37031","NAME":"Carteret County"}},{"type":"Feature","geometry":{"type":"Polygon","coordinates":[[[-80.5706,35.5033],[-80.6755,35.5065],[-80.7842,35.506],[-80.7871,35.4949],[-80.7819,35.4838],[-80.7793,35.472],[-80.7734,35.4631],[-80.773,35.4577],[-80.7522,35.4141],[-80.7635,35.4121],[-80.7664,35.4015],[-80.7553,35.3948],[-80.7444,35.3807],[-80.7089,35.3553],[-80.6931,35.3464],[-80.6791,35.3021],[-80.6665,35.2679],[-80.505,35.185],[-80.5041,35.1875],[-80.5057,35.1938],[-80.4995,35.1981],[-80.4944,35.2056],[-80.4831,35.2128],[-80.4844,35.2164],[-80.2954,35.5029],[-80.4237,35.502],[-80.5706,35.5033]]]},"properties":{"GEOID":"37025","NAME":"Cabarrus County"}},{"type":"Feature","geometry":{"type":"Polygon","coordinates":[[[-77.598,35.0749],[-77.5075,35.1728],[-77.5272,35.243],[-77.4737,35.229],[-77.4733,35.2311],[-77.4656,35.2346],[-77.4643,35.2392],[-77.4459,35.2466],[-77.4328,35.25],[-77.4268,35.2561],[-77.4262,35.2624],[-77.4286,35.2641],[-77.4318,35.2712],[-77.4377,35.277],[-77.4406,35.2846],[-77.4399,35.2896],[-77.4466,35.2936],[-77.4464,35.2962],[-77.4496,35.2994],[-77.4491,35.3018],[-77.4405,35.3035],[-77.4388,35.3115],[-77.4311,35.3129],[-77.4323,35.3245],[-77.4313,35.3298],[-77.4233,35.3287],[-77.4213,35.3313],[-77.4147,35.3304],[-77.4142,35.334],[-77.4105,35.3319],[-77.4109,35.338],[-77.396,35.3428],[-77.391,35.3395],[-77.3917,35.3454],[-77.3931,35.3469],[-77.4013,35.3481],[-77.4081,35.3533],[-77.4133,35.3517],[-77.4188,35.3526],[-77.4208,35.3515],[-77.4213,35.3489],[-77.4259,35.3493],[-77.4271,35.3508],[-77.4271,35.3599],[-77.4318,35.3673],[-77.4404,35.367],[-77.4482,35.3715],[-77.4488,35.3746],[-77.4451,35.3805],[-77.4498,35.381],[-77.455,35.3855],[-77.4494,35.3893],[-77.4504,35.3916],[-77.4485,35.3927],[-77.452,35.3922],[-77.4521,35.3943],[-77.4558,35.3927],[-77.4583,35.3942],[-77.4561,35.3953],[-77.4572,35.3965],[-77.4632,35.3991],[-77.4608,35.4006],[-77.4633,35.4012],[-77.4649,35.4027],[-77.4637,35.4044],[-77.4707,35.4098],[-77.47,35.4208],[-77.474,35.4267],[-77.4827,35.4228],[-77.4812,35.4153],[-77.4842,35.4136],[-77.4957,35.4122],[-77.499,35.4141],[-77.4986,35.4171],[-77.5044,35.4195],[-77.5074,35.4191],[-77.5065,35.4219],[-77.5206,35.4173],[-77.5206,35.4146],[-77.5283,35.4143],[-77.5273,35.4126],[-77.5286,35.4092],[-77.5315,35.4079],[-77.5328,35.4048],[-77.5317,35.4013],[-77.5342,35.3981],[-77.5615,35.3873],[-77.5645,35.3877],[-77.5649,35.3839],[-77.5664,35.383],[-77.5802,35.3798],[-77.5813,35.378],[-77.5847,35.3797],[-77.5891,35.3738],[-77.5954,35.3756],[-77.6029,35.375],[-77.607,35.3795],[-77.6142,35.3777],[-77.6181,35.3726],[-77.6274,35.3666],[-77.6379,35.3542],[-77.648,35.3553],[-77.6532,35.3525],[-77.6591,35.3539],[-77.6732,35.3479],[-77.6801,35.3477],[-77.6866,35.3572],[-77.6901,35.3597],[-77.6901,35.3643],[-77.6942,35.3656],[-77.6972,35.3712],[-77.6962,35.3754],[-77.6975,35.3771],[-77.7777,35.3677],[-77.8062,35.3688],[-77.818,35.3574],[-77.8193,35.352],[-77.8242,35.3438],[-77.8342,35.1778],[-77.7692,35.1456],[-77.7496,35.1086],[-77.7475,35.0582],[-77.7492,35.0581],[-77.7489,35.0513],[-77.7472,35.0514],[-77.746,35.0223],[-77.731,35.0081],[-77.6013,35.0714],[-77.598,35.0749]]]},"properties":{"GEOID":"37107","NAME":"Lenoir County"}},{"type":"Feature","geometry":{"type":"Polygon","coordinates":[[[-77.9314,35.8301],[-77.8974,35.8439],[-77.8831,35.8462],[-77.8739,35.8497],[-77.8531,35.8439],[-77.8447,35.8376],[-77.8196,35.8841],[-77.7785,35.9825],[-77.771,36.0085],[-77.7419,36.0611],[-77.7077,36.1137],[-77.7055,36.121],[-77.7036,36.1449],[-77.698,36.1531],[-77.7026,36.1505],[-77.7049,36.1509],[-77.707,36.1483],[-77.7065,36.1468],[-77.7168,36.1458],[-77.7216,36.1414],[-77.7164,36.1364],[-77.7213,36.1338],[-77.7263,36.138],[-77.7315,36.1393],[-77.7294,36.149],[-77.7324,36.1474],[-77.7372,36.1537],[-77.7417,36.1551],[-77.7459,36.1531],[-77.7501,36.1575],[-77.7532,36.1569],[-77.7532,36.152],[-77.757,36.149],[-77.7693,36.1462],[-77.7726,36.147],[-77.7741,36.1425],[-77.7785,36.144],[-77.7831,36.1414],[-77.7925,36.1451],[-77.7993,36.1445],[-77.8043,36.1497],[-77.8059,36.1471],[-77.8052,36.1416],[-77.8081,36.1382],[-77.8155,36.14],[-77.8216,36.1447],[-77.8478,36.145],[-77.8561,36.146],[-77.8619,36.1491],[-77.8716,36.1452],[-77.8789,36.1447],[-77.879,36.1431],[-77.882,36.1468],[-77.8842,36.1473],[-77.8872,36.1438],[-77.8924,36.1512],[-77.9012,36.1563],[-77.9007,36.1627],[-77.9095,36.1653],[-77.9159,36.1636],[-77.9227,36.1663],[-77.9231,36.1689],[-77.9177,36.1805],[-77.9239,36.1889],[-77.9261,36.1832],[-77.9308,36.1823],[-77.9409,36.1922],[-77.944,36.1926],[-77.9445,36.1883],[-77.943,36.1865],[-77.9444,36.1821],[-77.9512,36.1806],[-77.9674,36.1942],[-77.9729,36.1943],[-77.973,36.1898],[-77.9696,36.1863],[-77.9691,36.1835],[-77.9715,36.1779],[-77.9735,36.1768],[-77.9757,36.1777],[-77.9782,36.1753],[-77.9796,36.1787],[-77.9844,36.1815],[-77.983,36.1867],[-77.9875,36.1896],[-77.9912,36.1866],[-77.9907,36.1852],[-77.9925,36.1855],[-77.9936,36.1905],[-77.9968,36.1927],[-77.9978,36.1973],[-77.9967,36.1985],[-78.0017,36.199],[-78.0066,36.2026],[-78.1822,35.9388],[-78.2408,35.8439],[-78.256,35.8181],[-78.2572,35.8135],[-78.2514,35.8112],[-78.2516,35.8042],[-78.2491,35.8012],[-78.2504,35.7969],[-78.2439,35.7921],[-78.2472,35.7859],[-78.2461,35.7848],[-78.2485,35.7748],[-78.2508,35.7735],[-78.2462,35.7726],[-78.2444,35.7695],[-78.2383,35.7673],[-78.2382,35.7631],[-78.2349,35.7598],[-78.2351,35.7552],[-78.2327,35.7513],[-78.2267,35.7505],[-78.2263,35.7521],[-78.2189,35.755],[-78.2166,35.7522],[-78.2158,35.7458],[-78.213,35.7448],[-78.2157,35.7393],[-78.2156,35.736],[-78.2092,35.7305],[-78.2069,35.7315],[-78.204,35.7279],[-78.1974,35.7278],[-78.1938,35.7284],[-78.189,35.7342],[-78.182,35.738],[-78.1471,35.7458],[-78.0067,35.7995],[-77.9314,35.8301]]]},"properties":{"GEOID":"37127","NAME":"Nash County"}},{"type":"Feature","geometry":{"type":"Polygon","coordinates":[[[-80.2173,35.9967],[-80.2138,35.9967],[-80.2137,36.0268],[-80.1494,36.0268],[-80.0432,36.0108],[-80.0351,36.2572],[-80.4519,36.2615],[-80.4527,36.2417],[-80.4374,36.2298],[-80.4322,36.2176],[-80.4331,36.2156],[-80.4429,36.213],[-80.4463,36.2077],[-80.4396,36.1905],[-80.4437,36.1807],[-80.4385,36.1755],[-80.4368,36.1693],[-80.4391,36.1609],[-80.4429,36.156],[-80.443,36.1513],[-80.439,36.1378],[-80.4495,36.1295],[-80.454,36.1225],[-80.4623,36.1181],[-80.4733,36.1188],[-80.488,36.1161],[-80.5073,36.1078],[-80.5102,36.098],[-80.5156,36.0934],[-80.5167,36.084],[-80.5099,36.0733],[-80.5085,36.058],[-80.5066,36.0539],[-80.4928,36.0437],[-80.4877,36.0431],[-80.4747,36.0504],[-80.475,36.0571],[-80.473,36.0603],[-80.4677,36.0626],[-80.4626,36.0621],[-80.4589,36.0581],[-80.4559,36.0475],[-80.4471,36.0389],[-80.4424,36.0311],[-80.4181,36.016],[-80.4134,36.0016],[-80.4218,35.9942],[-80.4218,35.988],[-80.4105,35.9796],[-80.3943,35.9728],[-80.3445,35.991],[-80.33,35.9908],[-80.3303,35.9966],[-80.2173,35.9967]]]},"properties":{"GEOID":"37067","NAME":"Forsyth County"}},{"type":"Feature","geometry":{"type":"Polygon","coordinates":[[[-76.7076,36.2428],[-76.716,36.229],[-76.7278,36.2211],[-76.733,36.2126],[-76.7327,36.1975],[-76.7361,36.1865],[-76.7373,36.1586],[-76.7369,36.1506],[-76.7336,36.1378],[-76.7105,36.0987],[-76.7102,36.0753],[-76.7078,36.0664],[-76.6888,36.0382],[-76.6825,36.0309],[-76.6176,35.9843],[-76.6062,35.9781],[-76.5848,35.9744],[-76.5451,35.976],[-76.5119,35.9807],[-76.4739,35.9905],[-76.4455,35.9999],[-76.4369,36.0042],[-76.413,36.0209],[-76.3968,36.0264],[-76.4039,36.0741],[-76.4124,36.0754],[-76.4303,36.075],[-76.4373,36.077],[-76.4456,36.0759],[-76.4486,36.08],[-76.4551,36.08],[-76.4626,36.0886],[-76.4731,36.0898],[-76.4788,36.0936],[-76.4908,36.085],[-76.4998,36.0855],[-76.507,36.0884],[-76.5103,36.0937],[-76.5175,36.0974],[-76.5288,36.0957],[-76.5341,36.0967],[-76.5391,36.0946],[-76.5475,36.0992],[-76.5598,36.1011],[-76.5699,36.107],[-76.5727,36.1105],[-76.5901,36.2389],[-76.5882,36.2418],[-76.5871,36.2489],[-76.5729,36.2575],[-76.5715,36.2672],[-76.5682,36.2742],[-76.568,36.2873],[-76.5655,36.2936],[-76.5675,36.2984],[-76.5687,36.3096],[-76.5676,36.3152],[-76.5617,36.3224],[-76.5635,36.326],[-76.5598,36.3361],[-76.5613,36.3448],[-76.5596,36.3511],[-76.5708,36.3343],[-76.576,36.3353],[-76.586,36.3336],[-76.5928,36.3303],[-76.5941,36.3248],[-76.5966,36.3233],[-76.6131,36.324],[-76.6228,36.3289],[-76.6393,36.3298],[-76.6425,36.3229],[-76.6422,36.3198],[-76.6469,36.3201],[-76.6497,36.318],[-76.6516,36.3106],[-76.6546,36.3107],[-76.6543,36.3142],[-76.6577,36.3147],[-76.6594,36.3131],[-76.6625,36.3145],[-76.6644,36.3137],[-76.6651,36.316],[-76.6675,36.3138],[-76.6699,36.3153],[-76.6723,36.3124],[-76.6721,36.3105],[-76.6737,36.3111],[-76.6749,36.309],[-76.6723,36.307],[-76.676,36.3062],[-76.6755,36.3044],[-76.6725,36.3033],[-76.6757,36.3033],[-76.6752,36.3014],[-76.6806,36.3],[-76.6833,36.3015],[-76.6966,36.2961],[-76.6948,36.285],[-76.6895,36.271],[-76.7076,36.2428]]]},"properties":{"GEOID":"37041","NAME":"Chowan County"}},{"type":"Feature","geometry":{"type":"Polygon","coordinates":[[[-82.5297,35.4244],[-82.5291,35.4361],[-82.5365,35.4369],[-82.5349,35.4444],[-82.4706,35.4452],[-82.4613,35.4509],[-82.4558,35.4497],[-82.4539,35.4555],[-82.4469,35.4582],[-82.4458,35.4609],[-82.435,35.4629],[-82.4305,35.4653],[-82.4272,35.4704],[-82.423,35.4706],[-82.4176,35.4745],[-82.4113,35.4721],[-82.407,35.4738],[-82.4019,35.4698],[-82.4003,35.4713],[-82.3882,35.47],[-82.3812,35.4636],[-82.3685,35.4606],[-82.3631,35.461],[-82.3672,35.464],[-82.368,35.4687],[-82.3707,35.472],[-82.3697,35.4755],[-82.3719,35.4799],[-82.3693,35.4825],[-82.3693,35.4855],[-82.3609,35.4851],[-82.3589,35.4892],[-82.3564,35.4907],[-82.3454,35.4878],[-82.341,35.4889],[-82.3387,35.4909],[-82.3396,35.4946],[-82.338,35.4983],[-82.3334,35.5002],[-82.2514,35.4607],[-82.2425,35.4678],[-82.2243,35.4983],[-82.2241,35.5004],[-82.2272,35.5047],[-82.2333,35.5096],[-82.2332,35.5194],[-82.2205,35.52],[-82.169,35.5278],[-82.2068,35.5478],[-82.22,35.5531],[-82.2513,35.5599],[-82.291,35.5913],[-82.2919,35.595],[-82.2875,35.601],[-82.2823,35.6031],[-82.2804,35.6088],[-82.2648,35.6145],[-82.2646,35.6178],[-82.2727,35.622],[-82.2716,35.6245],[-82.2741,35.6289],[-82.2709,35.6319],[-82.2761,35.6377],[-82.2819,35.6394],[-82.283,35.6469],[-82.2857,35.6484],[-82.2865,35.6581],[-82.2804,35.6675],[-82.2811,35.6702],[-82.2842,35.6768],[-82.295,35.6841],[-82.2889,35.6962],[-82.2837,35.6987],[-82.2812,35.7022],[-82.2754,35.7044],[-82.2757,35.7139],[-82.2847,35.7255],[-82.2912,35.7299],[-82.3131,35.7336],[-82.3217,35.7401],[-82.3264,35.7471],[-82.3345,35.7486],[-82.3384,35.7657],[-82.3377,35.7682],[-82.3437,35.7754],[-82.3433,35.7806],[-82.3464,35.787],[-82.3435,35.7918],[-82.3383,35.7961],[-82.3383,35.8017],[-82.3453,35.8045],[-82.3489,35.8117],[-82.3585,35.817],[-82.362,35.8212],[-82.3656,35.8218],[-82.3736,35.8178],[-82.3817,35.8241],[-82.3966,35.8183],[-82.4026,35.8175],[-82.4036,35.8195],[-82.4077,35.8185],[-82.4123,35.8147],[-82.4177,35.8134],[-82.4274,35.8138],[-82.4355,35.8086],[-82.444,35.8088],[-82.4471,35.8104],[-82.4543,35.8073],[-82.4637,35.8097],[-82.4652,35.8018],[-82.4758,35.7983],[-82.4883,35.8015],[-82.4952,35.7995],[-82.499,35.8015],[-82.5033,35.8009],[-82.5065,35.8028],[-82.5147,35.8032],[-82.5201,35.7991],[-82.5253,35.7987],[-82.5318,35.7958],[-82.5357,35.7911],[-82.5396,35.7918],[-82.6679,35.7377],[-82.6685,35.7347],[-82.6777,35.7346],[-82.6695,35.7302],[-82.6696,35.7258],[-82.6853,35.727],[-82.6902,35.7298],[-82.6918,35.7335],[-82.6947,35.735],[-82.7009,35.7347],[-82.7073,35.7322],[-82.7121,35.733],[-82.71,35.7287],[-82.7137,35.727],[-82.7095,35.7269],[-82.7089,35.7255],[-82.711,35.7252],[-82.714,35.7177],[-82.7206,35.7155],[-82.7274,35.718],[-82.731,35.7224],[-82.7326,35.7182],[-82.7368,35.7161],[-82.733,35.714],[-82.7361,35.7139],[-82.7371,35.7118],[-82.7448,35.7147],[-82.7461,35.7126],[-82.7515,35.7108],[-82.75,35.7065],[-82.7516,35.707],[-82.7562,35.7025],[-82.7694,35.6983],[-82.7749,35.7001],[-82.7855,35.6981],[-82.7883,35.696],[-82.7932,35.6965],[-82.7973,35.692],[-82.7977,35.6893],[-82.8049,35.6861],[-82.8156,35.6891],[-82.8244,35.6885],[-82.8267,35.6907],[-82.839,35.6936],[-82.8426,35.6995],[-82.8487,35.7018],[-82.8541,35.6995],[-82.8539,35.6967],[-82.8571,35.6934],[-82.8672,35.6889],[-82.8711,35.6889],[-82.8748,35.6835],[-82.8819,35.6804],[-82.8853,35.6771],[-82.888,35.6727],[-82.8768,35.6662],[-82.878,35.6625],[-82.8722,35.6574],[-82.8746,35.6514],[-82.8687,35.6453],[-82.869,35.6418],[-82.8651,35.6348],[-82.8538,35.6369],[-82.8517,35.6353],[-82.8521,35.6301],[-82.8504,35.6277],[-82.8517,35.6173],[-82.8461,35.6143],[-82.8449,35.6165],[-82.8362,35.6214],[-82.8318,35.6196],[-82.829,35.6202],[-82.8264,35.6229],[-82.8212,35.6232],[-82.8144,35.6277],[-82.8113,35.6271],[-82.8098,35.625],[-82.8096,35.6178],[-82.8035,35.6109],[-82.8019,35.6025],[-82.7992,35.5978],[-82.781,35.5888],[-82.78,35.5846],[-82.7772,35.5824],[-82.7785,35.5779],[-82.7708,35.5761],[-82.7659,35.5676],[-82.7727,35.5626],[-82.7775,35.5556],[-82.7712,35.5504],[-82.7659,35.539],[-82.7678,35.5352],[-82.7741,35.5319],[-82.7802,35.5257],[-82.778,35.5199],[-82.785,35.5075],[-82.7824,35.5043],[-82.7865,35.4981],[-82.7858,35.4948],[-82.7934,35.4841],[-82.7975,35.4714],[-82.7996,35.471],[-82.7941,35.4691],[-82.7946,35.4655],[-82.7862,35.457],[-82.7841,35.444],[-82.7817,35.4395],[-82.7686,35.4324],[-82.766,35.4325],[-82.7561,35.4252],[-82.7483,35.4255],[-82.7451,35.423],[-82.7392,35.43],[-82.7309,35.4323],[-82.7304,35.4356],[-82.7254,35.4376],[-82.7149,35.4484],[-82.712,35.4484],[-82.7007,35.4543],[-82.6993,35.453],[-82.6953,35.4545],[-82.6798,35.4541],[-82.6731,35.4595],[-82.6654,35.4572],[-82.6606,35.4528],[-82.6529,35.455],[-82.6506,35.4519],[-82.6441,35.4491],[-82.642,35.4443],[-82.6352,35.4429],[-82.6217,35.4357],[-82.6181,35.4402],[-82.6145,35.4398],[-82.6084,35.4433],[-82.595,35.4357],[-82.587,35.4381],[-82.5829,35.4362],[-82.5807,35.4333],[-82.5706,35.431],[-82.568,35.435],[-82.5679,35.4379],[-82.5619,35.4376],[-82.5612,35.4432],[-82.5488,35.4443],[-82.5494,35.4406],[-82.5464,35.4406],[-82.5423,35.4313],[-82.5469,35.4252],[-82.5398,35.4233],[-82.5385,35.4214],[-82.5359,35.4222],[-82.5332,35.4164],[-82.5355,35.4224],[-82.5298,35.4228],[-82.5297,35.4244]]]},"properties":{"GEOID":"37021","NAME":"Buncombe County"}},{"type":"Feature","geometry":{"type":"Polygon","coordinates":[[[-81.1879,36.4011],[-81.163,36.4325],[-81.1604,36.429],[-81.1491,36.4253],[-81.1469,36.4221],[-81.1477,36.4192],[-81.1426,36.4192],[-81.1382,36.4125],[-81.1326,36.4155],[-81.1283,36.4221],[-81.1284,36.4259],[-81.0951,36.4408],[-81.0918,36.4359],[-81.0837,36.433],[-81.0833,36.4298],[-81.0788,36.4259],[-81.0798,36.4224],[-81.078,36.4179],[-81.0443,36.4111],[-81.0438,36.3933],[-81.0267,36.3732],[-81.0136,36.3713],[-80.9947,36.3794],[-80.9814,36.3762],[-80.9794,36.3791],[-80.984,36.3888],[-80.9817,36.3912],[-80.9713,36.3956],[-80.9684,36.4009],[-80.9472,36.4191],[-80.9736,36.4535],[-80.9639,36.4593],[-80.9269,36.5012],[-80.9216,36.5259],[-80.9175,36.5241],[-80.9016,36.5618],[-81.0038,36.5637],[-81.1769,36.5719],[-81.3533,36.5747],[-81.3531,36.5461],[-81.3517,36.5463],[-81.349,36.552],[-81.3461,36.5518],[-81.3455,36.5454],[-81.348,36.5427],[-81.3475,36.5401],[-81.3377,36.5268],[-81.3322,36.5229],[-81.3283,36.5173],[-81.3266,36.5049],[-81.3226,36.4958],[-81.3078,36.4808],[-81.2997,36.4751],[-81.2964,36.4646],[-81.2947,36.4655],[-81.287,36.4616],[-81.2797,36.4516],[-81.2723,36.4471],[-81.269,36.4375],[-81.2654,36.433],[-81.2638,36.4289],[-81.2643,36.4235],[-81.2625,36.4199],[-81.2627,36.4182],[-81.2654,36.4176],[-81.2666,36.4152],[-81.2646,36.4103],[-81.2588,36.4025],[-81.2525,36.4009],[-81.2525,36.3979],[-81.2461,36.3925],[-81.2468,36.3873],[-81.2442,36.3848],[-81.247,36.3759],[-81.2457,36.3737],[-81.2499,36.3724],[-81.2536,36.3666],[-81.2493,36.3676],[-81.2433,36.3661],[-81.2383,36.3683],[-81.2381,36.3704],[-81.2308,36.375],[-81.2202,36.3776],[-81.2126,36.3856],[-81.1879,36.4011]]]},"properties":{"GEOID":"37005","NAME":"Alleghany County"}},{"type":"Feature","geometry":{"type":"Polygon","coordinates":[[[-79.5225,36.3991],[-79.5136,36.5409],[-80.0273,36.5425],[-80.0351,36.2572],[-79.5324,36.2415],[-79.5225,36.3991]]]},"properties":{"GEOID":"37157","NAME":"Rockingham County"}},{"type":"Feature","geometry":{"type":"Polygon","coordinates":[[[-76.5901,36.2389],[-76.5731,36.1118],[-76.5708,36.1079],[-76.5598,36.1011],[-76.5475,36.0992],[-76.5391,36.0946],[-76.5341,36.0967],[-76.5288,36.0957],[-76.5175,36.0974],[-76.5103,36.0937],[-76.507,36.0884],[-76.4998,36.0855],[-76.4908,36.085],[-76.4788,36.0936],[-76.4731,36.0898],[-76.4626,36.0886],[-76.4551,36.08],[-76.4486,36.08],[-76.4456,36.0759],[-76.4373,36.077],[-76.4303,36.075],[-76.4124,36.0754],[-76.4039,36.0741],[-76.3968,36.0264],[-76.3814,36.0262],[-76.3563,36.0197],[-76.3337,36.0199],[-76.2838,36.0314],[-76.2298,36.0407],[-76.2099,36.042],[-76.1817,36.049],[-76.158,36.0595],[-76.1787,36.1112],[-76.1827,36.1142],[-76.1947,36.1177],[-76.2155,36.1304],[-76.2238,36.1397],[-76.2287,36.1499],[-76.2349,36.1551],[-76.2403,36.1638],[-76.2514,36.1695],[-76.2599,36.1795],[-76.2719,36.1857],[-76.2733,36.1952],[-76.2793,36.1982],[-76.2801,36.2032],[-76.287,36.2105],[-76.2884,36.2136],[-76.285,36.2158],[-76.2899,36.2182],[-76.2902,36.2234],[-76.3037,36.2217],[-76.3042,36.226],[-76.307,36.2275],[-76.3072,36.2303],[-76.3147,36.2327],[-76.3172,36.2402],[-76.3248,36.2404],[-76.3322,36.2444],[-76.3373,36.2408],[-76.3406,36.2414],[-76.3435,36.2433],[-76.3434,36.2468],[-76.3474,36.2498],[-76.3606,36.2524],[-76.3749,36.2587],[-76.3779,36.2693],[-76.3758,36.2741],[-76.3771,36.2756],[-76.3812,36.2758],[-76.3865,36.2836],[-76.3919,36.2875],[-76.3918,36.2907],[-76.3951,36.2926],[-76.3947,36.2968],[-76.398,36.3004],[-76.4017,36.3016],[-76.4476,36.3637],[-76.4537,36.3781],[-76.539,36.3573],[-76.5569,36.3552],[-76.5612,36.3449],[-76.5598,36.3361],[-76.5635,36.3259],[-76.5617,36.3224],[-76.568,36.3142],[-76.5676,36.2989],[-76.5655,36.2936],[-76.568,36.2873],[-76.5676,36.2774],[-76.5715,36.2672],[-76.5726,36.2581],[-76.5871,36.2489],[-76.5882,36.2418],[-76.5901,36.2389]]]},"properties":{"GEOID":"37143","NAME":"Perquimans County"}},{"type":"Feature","geometry":{"type":"Polygon","coordinates":[[[-76.1275,35.691],[-76.1319,35.6922],[-76.137,35.6999],[-76.142,35.7029],[-76.1628,35.6959],[-76.1682,35.6989],[-76.1726,35.6969],[-76.1725,35.695],[-76.1669,35.6914],[-76.1756,35.6909],[-76.1766,35.6862],[-76.1719,35.682],[-76.1755,35.6786],[-76.1695,35.6725],[-76.1757,35.6724],[-76.1759,35.6648],[-76.1816,35.6665],[-76.1788,35.6597],[-76.1802,35.6565],[-76.1778,35.6549],[-76.1843,35.6486],[-76.1934,35.6456],[-76.1947,35.6412],[-76.1928,35.6406],[-76.1942,35.6358],[-76.1975,35.6362],[-76.1963,35.6332],[-76.1988,35.634],[-76.1969,35.6311],[-76.1948,35.6311],[-76.1948,35.6286],[-76.1965,35.6284],[-76.1965,35.6232],[-76.1997,35.6225],[-76.1958,35.6217],[-76.1956,35.6203],[-76.1999,35.619],[-76.2001,35.6175],[-76.1982,35.617],[-76.2015,35.6152],[-76.2013,35.6126],[-76.2033,35.6115],[-76.2023,35.6095],[-76.2064,35.6113],[-76.2076,35.61],[-76.2052,35.6078],[-76.208,35.6036],[-76.2157,35.598],[-76.2241,35.5998],[-76.2255,35.6018],[-76.2296,35.5997],[-76.2391,35.6027],[-76.2468,35.6026],[-76.2523,35.6061],[-76.2561,35.6038],[-76.2654,35.6033],[-76.2701,35.6081],[-76.2768,35.6052],[-76.2814,35.6063],[-76.2858,35.6045],[-76.2979,35.6089],[-76.2692,35.6908],[-76.5456,35.7051],[-76.6375,35.7052],[-76.6251,35.6937],[-76.6238,35.6902],[-76.6197,35.6882],[-76.6019,35.6699],[-76.6003,35.664],[-76.6061,35.6467],[-76.6007,35.6359],[-76.5918,35.6244],[-76.5786,35.6143],[-76.5776,35.6112],[-76.5742,35.6112],[-76.5743,35.6094],[-76.5706,35.6058],[-76.5643,35.6037],[-76.5639,35.6011],[-76.5549,35.6002],[-76.5532,35.5971],[-76.5426,35.5992],[-76.5343,35.5956],[-76.5325,35.5931],[-76.5344,35.5895],[-76.5395,35.5859],[-76.5387,35.5828],[-76.532,35.5809],[-76.5304,35.5822],[-76.5277,35.5816],[-76.5251,35.5853],[-76.5191,35.5848],[-76.5191,35.5788],[-76.5132,35.5761],[-76.506,35.581],[-76.5016,35.5797],[-76.5004,35.5789],[-76.503,35.5756],[-76.5005,35.5708],[-76.4911,35.5726],[-76.487,35.5685],[-76.4826,35.5673],[-76.4799,35.5629],[-76.4678,35.5565],[-76.4678,35.5509],[-76.4786,35.531],[-76.4849,35.5244],[-76.4912,35.5209],[-76.5005,35.5189],[-76.5245,35.5187],[-76.5629,35.52],[-76.5867,35.5233],[-76.5991,35.52],[-76.6027,35.5163],[-76.6041,35.5124],[-76.6041,35.5052],[-76.6012,35.4977],[-76.5961,35.4935],[-76.5832,35.4889],[-76.5795,35.4852],[-76.5816,35.4668],[-76.5851,35.4574],[-76.584,35.4491],[-76.5755,35.4366],[-76.563,35.4244],[-76.5603,35.417],[-76.5586,35.4037],[-76.5389,35.3804],[-76.5187,35.348],[-76.4638,35.3381],[-76.4454,35.3293],[-76.3041,35.2015],[-76.0658,35.1249],[-76.019,35.0654],[-76.016,35.0653],[-76.0066,35.0539],[-76.0069,35.006],[-76.003,35.0064],[-75.9947,35.0088],[-75.9854,35.014],[-75.9671,35.0286],[-75.9501,35.0396],[-75.9387,35.0514],[-75.9281,35.0595],[-75.8979,35.0771],[-75.8537,35.0974],[-75.8277,35.1067],[-75.812,35.1142],[-75.7366,35.1406],[-75.7689,35.2495],[-75.814,35.5002],[-75.8684,35.5781],[-75.8798,35.6069],[-75.8768,35.6281],[-75.8791,35.631],[-75.884,35.6328],[-75.8891,35.6419],[-75.892,35.6433],[-75.8901,35.6473],[-75.8905,35.6523],[-75.898,35.6604],[-75.9013,35.669],[-76.0275,35.6688],[-76.0316,35.663],[-76.0356,35.6615],[-76.0427,35.6638],[-76.057,35.674],[-76.0611,35.6752],[-76.0734,35.6718],[-76.0854,35.6749],[-76.0926,35.6698],[-76.0967,35.6696],[-76.0997,35.6711],[-76.1041,35.6783],[-76.1146,35.678],[-76.1196,35.6799],[-76.1207,35.6833],[-76.1178,35.6909],[-76.119,35.6925],[-76.1237,35.6931],[-76.1275,35.691]]]},"properties":{"GEOID":"37095","NAME":"Hyde County"}},{"type":"Feature","geometry":{"type":"Polygon","coordinates":[[[-79.2411,35.5705],[-79.2317,35.5681],[-79.2228,35.5686],[-79.2189,35.5661],[-79.2215,35.5592],[-79.2264,35.5545],[-79.2245,35.5508],[-79.2144,35.5557],[-79.1999,35.5586],[-79.1991,35.5639],[-79.2018,35.5732],[-79.2009,35.5767],[-79.1861,35.5803],[-79.1835,35.5844],[-79.1579,35.6036],[-79.1501,35.6171],[-79.142,35.6231],[-79.1258,35.6239],[-79.1212,35.6276],[-79.1171,35.6282],[-79.1123,35.6229],[-79.1009,35.6239],[-79.0931,35.6189],[-79.0777,35.614],[-79.0691,35.6093],[-79.0523,35.5959],[-79.0516,35.585],[-79.0466,35.578],[-79.0474,35.5722],[-79.0459,35.5687],[-79.0363,35.5619],[-79.024,35.5484],[-79.0147,35.5437],[-78.9973,35.5425],[-78.9908,35.5402],[-78.9839,35.5356],[-78.9696,35.5217],[-78.9161,35.5841],[-78.995,35.6102],[-78.9363,35.7719],[-78.9309,35.7944],[-78.9264,35.802],[-78.9094,35.8429],[-78.9061,35.8681],[-79.0252,35.8628],[-79.0252,35.8614],[-79.0266,35.8628],[-79.082,35.8608],[-79.2188,35.8737],[-79.2188,35.8753],[-79.2215,35.8755],[-79.2219,35.874],[-79.2495,35.8768],[-79.251,35.8711],[-79.2489,35.8662],[-79.2504,35.857],[-79.2484,35.8546],[-79.237,35.8506],[-79.2373,35.8441],[-79.5424,35.8433],[-79.5462,35.7187],[-79.5532,35.5993],[-79.5558,35.515],[-79.3501,35.518],[-79.3484,35.5199],[-79.3392,35.5211],[-79.3346,35.5251],[-79.3224,35.5245],[-79.3121,35.5305],[-79.311,35.5322],[-79.3136,35.5355],[-79.3239,35.5438],[-79.3176,35.5433],[-79.3124,35.5448],[-79.3035,35.5485],[-79.3038,35.5518],[-79.2993,35.5534],[-79.2941,35.5527],[-79.2846,35.555],[-79.2821,35.5516],[-79.2909,35.5454],[-79.2918,35.5427],[-79.2906,35.5401],[-79.2861,35.539],[-79.2763,35.532],[-79.2675,35.5328],[-79.2609,35.5371],[-79.2452,35.553],[-79.2428,35.5607],[-79.2447,35.5691],[-79.2411,35.5705]]]},"properties":{"GEOID":"37037","NAME":"Chatham County"}},{"type":"Feature","geometry":{"type":"Polygon","coordinates":[[[-77.9601,34.238],[-77.9638,34.2417],[-77.9685,34.2423],[-77.9695,34.244],[-77.9652,34.2476],[-77.9678,34.2521],[-77.97,34.2516],[-77.9731,34.2472],[-77.9752,34.2494],[-77.9788,34.2601],[-77.9877,34.2601],[-77.9889,34.2623],[-77.9875,34.2683],[-77.991,34.2707],[-78.0006,34.2714],[-78.002,34.2731],[-77.9991,34.2765],[-77.9909,34.2786],[-77.9902,34.2817],[-77.9965,34.2844],[-78.0048,34.2805],[-78.0059,34.2818],[-78.0046,34.2868],[-78.0059,34.2889],[-78.0078,34.2902],[-78.0159,34.2903],[-78.0171,34.2928],[-78.0142,34.3026],[-78.0148,34.3075],[-78.0125,34.3131],[-78.0062,34.3174],[-78.0087,34.3226],[-78.015,34.3229],[-78.0229,34.318],[-78.026,34.318],[-78.0275,34.3202],[-78.0256,34.3272],[-78.0275,34.3306],[-78.0307,34.3318],[-78.0339,34.3301],[-78.0377,34.3324],[-78.0423,34.3303],[-78.0467,34.3304],[-78.0471,34.3354],[-78.054,34.3356],[-78.0523,34.3395],[-78.0591,34.3451],[-78.0597,34.3376],[-78.0652,34.3389],[-78.0778,34.3385],[-78.0785,34.3402],[-78.075,34.3443],[-78.0746,34.3472],[-78.0797,34.352],[-78.0791,34.3542],[-78.0861,34.3514],[-78.0928,34.3524],[-78.0948,34.356],[-78.1034,34.3552],[-78.1068,34.3581],[-78.113,34.3602],[-78.1134,34.3644],[-78.1174,34.3646],[-78.1215,34.3683],[-78.132,34.3667],[-78.137,34.3718],[-78.1407,34.3691],[-78.1394,34.3662],[-78.1407,34.3649],[-78.1438,34.3647],[-78.1484,34.367],[-78.1535,34.3656],[-78.1585,34.3575],[-78.1623,34.357],[-78.2546,34.2163],[-78.3743,34.2049],[-78.3747,34.2026],[-78.3677,34.1926],[-78.3668,34.1888],[-78.3737,34.188],[-78.377,34.1842],[-78.3872,34.1776],[-78.3881,34.1752],[-78.3928,34.173],[-78.3953,34.1681],[-78.4057,34.1584],[-78.4072,34.1548],[-78.4137,34.1504],[-78.4229,34.1395],[-78.4361,34.1421],[-78.4419,34.1463],[-78.4591,34.1498],[-78.4672,34.1548],[-78.4746,34.1547],[-78.4817,34.1583],[-78.484,34.1578],[-78.4893,34.1637],[-78.4936,34.164],[-78.4955,34.1676],[-78.5036,34.1692],[-78.5099,34.1688],[-78.5131,34.1657],[-78.5152,34.1659],[-78.519,34.1589],[-78.5248,34.154],[-78.5329,34.1535],[-78.5371,34.1462],[-78.5384,34.1458],[-78.5412,34.1483],[-78.545,34.146],[-78.5442,34.1429],[-78.5464,34.1383],[-78.5436,34.1358],[-78.5458,34.1345],[-78.5425,34.1318],[-78.5419,34.1288],[-78.5393,34.1275],[-78.5388,34.1248],[-78.54,34.1229],[-78.5432,34.1244],[-78.5425,34.1261],[-78.5492,34.1252],[-78.5509,34.1218],[-78.5493,34.1202],[-78.5513,34.1199],[-78.5491,34.1188],[-78.5541,34.1177],[-78.5537,34.1162],[-78.5551,34.1168],[-78.5526,34.1139],[-78.5536,34.1131],[-78.5512,34.1133],[-78.5511,34.1148],[-78.549,34.1115],[-78.5533,34.1071],[-78.552,34.1043],[-78.5541,34.1037],[-78.549,34.1043],[-78.5466,34.1032],[-78.5477,34.1003],[-78.544,34.1001],[-78.5454,34.0986],[-78.5473,34.099],[-78.5481,34.0952],[-78.5525,34.0951],[-78.5532,34.0972],[-78.5587,34.0935],[-78.557,34.0917],[-78.5602,34.0921],[-78.557,34.0837],[-78.5611,34.0824],[-78.5629,34.0777],[-78.5589,34.0752],[-78.557,34.0759],[-78.5585,34.0777],[-78.5547,34.0767],[-78.5537,34.0722],[-78.555,34.0671],[-78.5591,34.0664],[-78.5589,34.0614],[-78.5571,34.0618],[-78.5581,34.06],[-78.5602,34.0606],[-78.5594,34.0594],[-78.5611,34.0591],[-78.5628,34.0543],[-78.5686,34.0538],[-78.5695,34.0562],[-78.5713,34.0534],[-78.5732,34.056],[-78.5796,34.0516],[-78.5833,34.0459],[-78.5819,34.0427],[-78.5781,34.0438],[-78.5779,34.0412],[-78.5799,34.0405],[-78.5793,34.0369],[-78.5854,34.0362],[-78.5846,34.0341],[-78.5829,34.0339],[-78.5835,34.032],[-78.589,34.0322],[-78.5877,34.0308],[-78.5907,34.0303],[-78.5908,34.0272],[-78.5929,34.0271],[-78.5943,34.0294],[-78.5988,34.0279],[-78.5994,34.0293],[-78.6004,34.0279],[-78.6008,34.03],[-78.6018,34.0288],[-78.6005,34.0267],[-78.603,34.0278],[-78.6034,34.0247],[-78.6079,34.024],[-78.6067,34.0254],[-78.6094,34.0245],[-78.6091,34.026],[-78.6117,34.0232],[-78.6133,34.0243],[-78.6128,34.022],[-78.6168,34.0235],[-78.6191,34.019],[-78.6224,34.0182],[-78.6254,34.0198],[-78.6264,34.0177],[-78.6297,34.0177],[-78.63,34.0161],[-78.6406,34.0103],[-78.6403,34.0044],[-78.6334,33.9966],[-78.6305,33.991],[-78.6264,33.9797],[-78.6277,33.9761],[-78.6241,33.9733],[-78.6253,33.9722],[-78.6303,33.9749],[-78.6305,33.9722],[-78.636,33.9696],[-78.6395,33.9693],[-78.6405,33.9705],[-78.6423,33.9673],[-78.6484,33.9655],[-78.6465,33.9605],[-78.6434,33.962],[-78.6443,33.9601],[-78.642,33.9562],[-78.6435,33.9544],[-78.6442,33.9556],[-78.645,33.9541],[-78.6466,33.9546],[-78.6442,33.9501],[-78.6473,33.9502],[-78.6465,33.948],[-78.6509,33.945],[-78.5411,33.8511],[-78.4993,33.8129],[-78.399,33.8433],[-78.3671,33.8516],[-78.3545,33.8523],[-78.3412,33.8553],[-78.2623,33.8632],[-78.2238,33.8625],[-78.1692,33.8641],[-78.1454,33.8627],[-78.0666,33.848],[-78.0628,33.8392],[-78.0529,33.8274],[-78.041,33.8188],[-78.0129,33.8039],[-78.0114,33.7889],[-78.0048,33.7735],[-77.9997,33.7671],[-77.9838,33.7587],[-77.9641,33.7529],[-77.9431,33.7538],[-77.9293,33.758],[-77.9147,33.766],[-77.9024,33.7785],[-77.897,33.7868],[-77.9485,33.9713],[-77.9408,33.9836],[-77.9388,33.9966],[-77.9358,34.005],[-77.9316,34.0364],[-77.9311,34.0589],[-77.9369,34.1228],[-77.9522,34.1503],[-77.9586,34.1738],[-77.9566,34.1925],[-77.9573,34.1973],[-77.9613,34.2049],[-77.9566,34.2345],[-77.9601,34.238]]]},"properties":{"GEOID":"37019","NAME":"Brunswick County"}},{"type":"Feature","geometry":{"type":"Polygon","coordinates":[[[-76.6781,35.0009],[-76.6247,35.0309],[-76.3041,35.2015],[-76.4454,35.3293],[-76.4638,35.3381],[-76.5187,35.348],[-76.5221,35.3536],[-76.5905,35.3619],[-76.6042,35.3382],[-76.6128,35.3348],[-76.617,35.3309],[-76.6162,35.3147],[-76.6194,35.3023],[-76.6143,35.2916],[-76.6144,35.2854],[-76.6122,35.2794],[-76.6142,35.2748],[-76.6138,35.2709],[-76.6326,35.2353],[-76.8455,35.2161],[-76.8959,35.2539],[-76.9061,35.2359],[-76.9326,35.2303],[-76.9425,35.2197],[-76.9426,35.2133],[-76.9445,35.2109],[-76.9524,35.2078],[-76.961,35.2008],[-76.9657,35.1885],[-76.9662,35.1829],[-76.9714,35.1766],[-76.9692,35.1711],[-76.9718,35.1664],[-76.9702,35.1621],[-76.9769,35.1555],[-76.9873,35.1549],[-76.9873,35.1511],[-76.9849,35.145],[-76.978,35.1384],[-76.975,35.1331],[-76.9685,35.1293],[-76.9591,35.1276],[-76.9556,35.1254],[-76.9486,35.1237],[-76.9484,35.1257],[-76.9487,35.1234],[-76.9479,35.1241],[-76.947,35.1213],[-76.9435,35.1213],[-76.9408,35.1191],[-76.9421,35.1157],[-76.9402,35.1147],[-76.9309,35.1168],[-76.9376,35.1146],[-76.9379,35.1129],[-76.9359,35.1118],[-76.9362,35.1081],[-76.9328,35.1056],[-76.9367,35.1053],[-76.9374,35.1029],[-76.9402,35.1031],[-76.9368,35.1016],[-76.9377,35.098],[-76.9359,35.097],[-76.9377,35.0972],[-76.9384,35.0947],[-76.9372,35.0906],[-76.9385,35.0887],[-76.9364,35.0868],[-76.938,35.085],[-76.9352,35.0852],[-76.936,35.0831],[-76.9333,35.0819],[-76.9336,35.0776],[-76.9375,35.0758],[-76.9351,35.0713],[-76.9362,35.0617],[-76.9411,35.0577],[-76.9416,35.0521],[-76.9532,35.0515],[-76.9673,35.0407],[-76.9533,35.0212],[-76.9251,35.0002],[-76.8957,34.9814],[-76.8277,34.9551],[-76.8123,34.9513],[-76.7806,34.9504],[-76.7713,34.9514],[-76.756,34.9562],[-76.6781,35.0009]]]},"properties":{"GEOID":"37137","NAME":"Pamlico County"}},{"type":"Feature","geometry":{"type":"Polygon","coordinates":[[[-79.2595,36.1388],[-79.2601,36.1078],[-79.2587,36.1038],[-79.2601,36.1032],[-79.2614,36.0709],[-79.2605,36.0665],[-79.2621,36.0617],[-79.2609,36.0401],[-79.2634,35.9737],[-79.2645,35.9737],[-79.2629,35.9687],[-79.264,35.9678],[-79.264,35.9141],[-79.2671,35.9137],[-79.2684,35.9109],[-79.2682,35.9092],[-79.2604,35.9056],[-79.2569,35.9021],[-79.2579,35.8915],[-79.2495,35.8768],[-79.2219,35.874],[-79.2215,35.8755],[-79.2188,35.8753],[-79.2188,35.8737],[-79.082,35.8608],[-79.0266,35.8628],[-79.0252,35.8614],[-79.0252,35.8628],[-79.0163,35.8632],[-78.9506,36.2393],[-79.258,36.2434],[-79.2595,36.1388]]]},"properties":{"GEOID":"37135","NAME":"Orange County"}},{"type":"Feature","geometry":{"type":"Polygon","coordinates":[[[-79.5856,34.9547],[-79.5832,34.948],[-79.5844,34.9429],[-79.5817,34.9354],[-79.5775,34.93],[-79.5683,34.9274],[-79.564,34.9179],[-79.566,34.9111],[-79.5619,34.9104],[-79.616,34.8659],[-79.6268,34.8519],[-79.6199,34.8489],[-79.6197,34.8465],[-79.6228,34.8437],[-79.6174,34.8393],[-79.6201,34.8352],[-79.6186,34.8333],[-79.6192,34.831],[-79.622,34.8294],[-79.6229,34.8268],[-79.6214,34.8249],[-79.6228,34.8202],[-79.6208,34.818],[-79.6171,34.8186],[-79.614,34.8153],[-79.6256,34.8179],[-79.6346,34.8255],[-79.6545,34.8149],[-79.6784,34.8139],[-79.6884,34.8113],[-79.6929,34.8052],[-79.6765,34.8051],[-79.4615,34.6304],[-79.3308,34.7741],[-79.3331,34.7764],[-79.3319,34.7771],[-79.3344,34.7774],[-79.3372,34.7855],[-79.3389,34.7857],[-79.3383,34.7878],[-79.3396,34.7871],[-79.3396,34.7891],[-79.3424,34.7902],[-79.3419,34.7921],[-79.3442,34.7923],[-79.343,34.7941],[-79.3454,34.7959],[-79.3465,34.8004],[-79.3481,34.8009],[-79.3468,34.8025],[-79.3502,34.8052],[-79.3491,34.8087],[-79.3518,34.8108],[-79.3514,34.8127],[-79.3535,34.8125],[-79.353,34.8141],[-79.3555,34.8153],[-79.3549,34.8167],[-79.356,34.8164],[-79.3577,34.8205],[-79.353,34.824],[-79.3537,34.8262],[-79.3522,34.8259],[-79.3516,34.8277],[-79.3536,34.8287],[-79.3505,34.8364],[-79.3478,34.8386],[-79.3479,34.8431],[-79.3451,34.8434],[-79.3453,34.846],[-79.3418,34.8475],[-79.3421,34.8492],[-79.3388,34.8504],[-79.3402,34.8518],[-79.3369,34.8538],[-79.3373,34.8564],[-79.339,34.857],[-79.3378,34.8593],[-79.3415,34.8623],[-79.3421,34.8683],[-79.3435,34.8684],[-79.342,34.8719],[-79.3451,34.8746],[-79.3443,34.8777],[-79.3465,34.8791],[-79.3489,34.8937],[-79.3503,34.8945],[-79.3483,34.8962],[-79.3498,34.8989],[-79.3483,34.8996],[-79.3485,34.903],[-79.3521,34.9111],[-79.3504,34.9175],[-79.3517,34.9198],[-79.3497,34.9214],[-79.351,34.9246],[-79.3524,34.9241],[-79.3546,34.9266],[-79.3561,34.9331],[-79.3542,34.9345],[-79.3547,34.9372],[-79.3532,34.9369],[-79.3543,34.9386],[-79.3529,34.9396],[-79.3531,34.9443],[-79.3553,34.9448],[-79.3585,34.9497],[-79.3622,34.9503],[-79.3621,34.9531],[-79.3636,34.9542],[-79.3608,34.9579],[-79.3624,34.9575],[-79.364,34.9603],[-79.3699,34.9633],[-79.3705,34.9666],[-79.3785,34.9758],[-79.3819,34.9765],[-79.3863,34.9815],[-79.3884,34.9815],[-79.3906,34.9838],[-79.3902,34.9859],[-79.3966,34.9918],[-79.3965,34.9941],[-79.3984,34.994],[-79.4012,34.9974],[-79.4076,34.9992],[-79.4101,35.002],[-79.416,35.0029],[-79.4211,35.009],[-79.4249,35.0104],[-79.4313,35.0201],[-79.442,35.0223],[-79.4458,35.026],[-79.4493,35.0269],[-79.4501,35.0302],[-79.4521,35.0304],[-79.4528,35.0338],[-79.4573,35.0377],[-79.4562,35.0393],[-79.4584,35.0438],[-79.4689,35.0366],[-79.5105,35.0262],[-79.5214,35.0192],[-79.553,35.0048],[-79.5679,34.9943],[-79.5734,34.9922],[-79.5667,34.9794],[-79.578,34.9724],[-79.5776,34.9688],[-79.5819,34.9639],[-79.5816,34.9574],[-79.5856,34.9547]]]},"properties":{"GEOID":"37165","NAME":"Scotland County"}},{"type":"Feature","geometry":{"type":"Polygon","coordinates":[[[-77.4084,35.9995],[-77.4092,35.9987],[-77.3424,35.9053],[-77.3444,35.8753],[-77.3494,35.8674],[-77.3504,35.8192],[-77.2552,35.7864],[-77.2553,35.783],[-77.2648,35.7744],[-77.2646,35.7715],[-77.2598,35.7652],[-77.2556,35.7654],[-77.2521,35.7622],[-77.246,35.7605],[-77.2395,35.7621],[-77.2228,35.7587],[-77.215,35.7598],[-77.2014,35.7522],[-77.2011,35.7508],[-77.2038,35.7489],[-77.2026,35.7465],[-77.1921,35.747],[-77.1916,35.7441],[-77.1845,35.7407],[-77.1823,35.7419],[-77.179,35.7397],[-77.174,35.7328],[-77.172,35.7362],[-77.1638,35.7395],[-77.1568,35.7368],[-77.0346,35.679],[-76.9858,35.6588],[-76.8473,35.72],[-76.8313,35.7307],[-76.8337,35.7332],[-76.832,35.7375],[-76.8259,35.7402],[-76.8252,35.7449],[-76.8171,35.7487],[-76.8202,35.7537],[-76.8176,35.7594],[-76.8092,35.763],[-76.808,35.7682],[-76.8033,35.773],[-76.8023,35.7763],[-76.804,35.7796],[-76.8035,35.7839],[-76.7985,35.7846],[-76.7928,35.7901],[-76.7941,35.7912],[-76.7928,35.7924],[-76.7935,35.7954],[-76.8026,35.8052],[-76.7994,35.8136],[-76.7968,35.8162],[-76.7826,35.8243],[-76.7819,35.8269],[-76.7849,35.8292],[-76.7847,35.8329],[-76.7893,35.8378],[-76.7843,35.8448],[-76.7838,35.8488],[-76.7805,35.851],[-76.7812,35.8534],[-76.7784,35.8541],[-76.7787,35.8566],[-76.7769,35.8567],[-76.7764,35.8587],[-76.7722,35.8582],[-76.7716,35.861],[-76.7654,35.8613],[-76.7632,35.8641],[-76.7609,35.8635],[-76.7606,35.8649],[-76.7726,35.8626],[-76.781,35.8639],[-76.7958,35.8731],[-76.802,35.8808],[-76.8069,35.8839],[-76.8217,35.887],[-76.8302,35.8859],[-76.8348,35.8829],[-76.8367,35.8781],[-76.8318,35.8592],[-76.8331,35.8522],[-76.8601,35.825],[-76.8752,35.8137],[-76.8826,35.8119],[-76.8966,35.8135],[-76.8975,35.8154],[-76.8927,35.8184],[-76.8998,35.8204],[-76.9039,35.8238],[-76.9037,35.8254],[-76.8972,35.8273],[-76.8939,35.8307],[-76.8957,35.8337],[-76.9026,35.8359],[-76.9035,35.8383],[-76.9019,35.8444],[-76.8972,35.8496],[-76.9001,35.8579],[-76.893,35.864],[-76.9021,35.8682],[-76.9043,35.8763],[-76.9113,35.8817],[-76.9163,35.8934],[-76.9255,35.8992],[-76.9409,35.9011],[-76.9472,35.8971],[-76.9472,35.8937],[-76.9571,35.8869],[-76.9589,35.8834],[-76.97,35.8817],[-76.9795,35.8755],[-76.9807,35.8726],[-76.984,35.8764],[-76.9873,35.8765],[-76.9879,35.8703],[-76.9917,35.8651],[-76.998,35.8633],[-77.0052,35.8584],[-77.0096,35.8619],[-77.0158,35.8626],[-77.0288,35.8578],[-77.0356,35.8575],[-77.0446,35.8621],[-77.0404,35.8679],[-77.0453,35.8752],[-77.0397,35.8746],[-77.031,35.8812],[-77.0357,35.8855],[-77.0375,35.8906],[-77.0293,35.8931],[-77.0245,35.8903],[-77.0221,35.8909],[-77.0255,35.8957],[-77.0241,35.8991],[-77.0253,35.9028],[-77.0306,35.9054],[-77.0266,35.9098],[-77.0273,35.9178],[-77.0318,35.9178],[-77.0275,35.9297],[-77.0356,35.9295],[-77.0388,35.9308],[-77.044,35.9434],[-77.0551,35.9448],[-77.056,35.9413],[-77.0609,35.9386],[-77.0706,35.9438],[-77.0711,35.9423],[-77.0666,35.9387],[-77.0673,35.9367],[-77.0735,35.9345],[-77.0812,35.9375],[-77.0824,35.9316],[-77.0867,35.9324],[-77.0888,35.929],[-77.0921,35.9284],[-77.092,35.9257],[-77.0937,35.9248],[-77.1029,35.9333],[-77.1064,35.9324],[-77.1106,35.9275],[-77.115,35.9292],[-77.1199,35.9262],[-77.1238,35.9261],[-77.1265,35.9289],[-77.1282,35.9371],[-77.1309,35.9408],[-77.1413,35.9339],[-77.1461,35.9361],[-77.1628,35.9377],[-77.1663,35.9364],[-77.17,35.9301],[-77.1721,35.9292],[-77.1864,35.9311],[-77.1975,35.9381],[-77.2023,35.9474],[-77.2006,35.951],[-77.196,35.949],[-77.1942,35.9497],[-77.1993,35.9553],[-77.199,35.9571],[-77.1885,35.9575],[-77.1976,35.9619],[-77.1967,35.9631],[-77.1908,35.9608],[-77.1963,35.9663],[-77.1957,35.9688],[-77.1903,35.9737],[-77.1943,35.9766],[-77.1964,35.9819],[-77.1923,35.9852],[-77.1961,35.9924],[-77.2046,35.9935],[-77.2112,35.9906],[-77.2133,35.9925],[-77.206,36.0048],[-77.2065,36.0071],[-77.2164,36.0149],[-77.2305,36.0156],[-77.2421,36.0217],[-77.2745,36.0337],[-77.2928,36.0451],[-77.3208,36.0565],[-77.3231,36.059],[-77.3276,36.0714],[-77.3314,36.0681],[-77.3398,36.0662],[-77.3393,36.0647],[-77.4084,35.9995]]]},"properties":{"GEOID":"37117","NAME":"Martin County"}},{"type":"Feature","geometry":{"type":"Polygon","coordinates":[[[-81.011,35.2782],[-81.0012,35.3049],[-80.9954,35.3095],[-80.9902,35.3196],[-80.9809,35.3288],[-80.9813,35.3323],[-80.9853,35.3372],[-80.9839,35.3413],[-80.9751,35.3447],[-80.973,35.3499],[-80.9706,35.3513],[-80.9671,35.3508],[-80.9621,35.347],[-80.9546,35.3507],[-80.9429,35.3507],[-80.9335,35.3572],[-80.9232,35.3595],[-80.9237,35.3613],[-80.9269,35.3625],[-80.9359,35.3621],[-80.9511,35.367],[-80.9549,35.3698],[-80.9577,35.3746],[-80.9602,35.3754],[-80.964,35.3742],[-80.9681,35.3677],[-80.9738,35.3639],[-80.9796,35.3652],[-80.9837,35.3684],[-80.9868,35.3757],[-80.9861,35.3806],[-80.9775,35.3821],[-80.968,35.3876],[-80.9568,35.3915],[-80.9547,35.3943],[-80.9549,35.4001],[-81.0162,35.4039],[-81.4556,35.4198],[-81.3989,35.3531],[-81.3828,35.3461],[-81.3567,35.3306],[-81.3638,35.3234],[-81.3666,35.3151],[-81.3554,35.2962],[-81.3555,35.2802],[-81.3535,35.2774],[-81.3217,35.2604],[-81.3243,35.2413],[-81.3237,35.1896],[-81.328,35.1635],[-81.1475,35.156],[-81.0322,35.1484],[-81.023,35.1495],[-81.0171,35.1543],[-81.0095,35.1531],[-81.0058,35.157],[-81.0073,35.1652],[-81.0034,35.172],[-81.0024,35.1808],[-81.0061,35.1951],[-81.0054,35.2084],[-81.0143,35.223],[-81.0082,35.2485],[-81.014,35.258],[-81.015,35.267],[-81.011,35.2782]]]},"properties":{"GEOID":"37071","NAME":"Gaston County"}},{"type":"Feature","geometry":{"type":"Polygon","coordinates":[[[-82.1997,35.1952],[-81.9694,35.1872],[-81.971,35.2055],[-81.9696,35.2095],[-81.9709,35.2116],[-81.9677,35.2198],[-81.9628,35.2269],[-81.9657,35.2311],[-81.9639,35.2494],[-81.9684,35.2509],[-81.9692,35.2581],[-81.9776,35.2634],[-81.9825,35.2634],[-81.9959,35.2708],[-81.9994,35.2762],[-82.0008,35.2827],[-82.0057,35.2841],[-82.0105,35.2897],[-82.0152,35.2924],[-82.0168,35.2992],[-82.023,35.2982],[-82.0295,35.3015],[-82.031,35.3087],[-82.0436,35.3207],[-82.0465,35.321],[-82.0482,35.3252],[-82.0472,35.3275],[-82.0514,35.3291],[-82.0539,35.3354],[-82.0586,35.3371],[-82.0644,35.3345],[-82.068,35.3392],[-82.0709,35.3381],[-82.0762,35.3412],[-82.0796,35.3466],[-82.0797,35.353],[-82.0848,35.3533],[-82.0883,35.3553],[-82.0885,35.3589],[-82.0973,35.3699],[-82.1003,35.3698],[-82.1018,35.3663],[-82.1052,35.3672],[-82.1077,35.3812],[-82.1152,35.3874],[-82.1201,35.3882],[-82.1229,35.3933],[-82.1278,35.3963],[-82.1317,35.3956],[-82.1404,35.3986],[-82.1515,35.4076],[-82.1599,35.4093],[-82.1663,35.4077],[-82.1714,35.4095],[-82.1732,35.4056],[-82.1809,35.4028],[-82.1852,35.3966],[-82.19,35.3993],[-82.1941,35.3974],[-82.1965,35.399],[-82.1971,35.4022],[-82.2046,35.4036],[-82.209,35.3977],[-82.2144,35.3982],[-82.2205,35.3946],[-82.2285,35.396],[-82.2391,35.4026],[-82.2491,35.4001],[-82.2613,35.3932],[-82.2615,35.3884],[-82.2751,35.3767],[-82.2812,35.3678],[-82.2799,35.3649],[-82.2847,35.3578],[-82.29,35.3538],[-82.29,35.3518],[-82.298,35.3397],[-82.2981,35.3359],[-82.3025,35.3352],[-82.3053,35.3326],[-82.3057,35.3267],[-82.3081,35.327],[-82.308,35.3221],[-82.3113,35.3201],[-82.3104,35.3147],[-82.3142,35.313],[-82.3181,35.3067],[-82.3188,35.3079],[-82.3266,35.3092],[-82.3295,35.3076],[-82.3305,35.3027],[-82.3379,35.2965],[-82.3377,35.2944],[-82.3412,35.2915],[-82.3418,35.2886],[-82.3461,35.2862],[-82.3497,35.2443],[-82.3592,35.2445],[-82.3593,35.2283],[-82.3509,35.2283],[-82.3538,35.191],[-82.3515,35.1904],[-82.3504,35.1929],[-82.3444,35.1937],[-82.339,35.1886],[-82.3337,35.1908],[-82.3308,35.1896],[-82.3299,35.1868],[-82.3231,35.1852],[-82.3151,35.1907],[-82.2942,35.1954],[-82.2911,35.2001],[-82.1997,35.1952]]]},"properties":{"GEOID":"37149","NAME":"Polk County"}},{"type":"Feature","geometry":{"type":"Polygon","coordinates":[[[-78.7031,35.2568],[-78.6171,35.2457],[-78.6087,35.2544],[-78.6,35.2584],[-78.5985,35.265],[-78.5846,35.2733],[-78.5831,35.2791],[-78.5856,35.2846],[-78.5833,35.291],[-78.5853,35.2935],[-78.583,35.2954],[-78.5835,35.2968],[-78.5808,35.2982],[-78.5764,35.296],[-78.5728,35.2975],[-78.5703,35.3021],[-78.5643,35.3044],[-78.5577,35.3047],[-78.5599,35.3063],[-78.5555,35.3096],[-78.5451,35.3122],[-78.5361,35.3187],[-78.5376,35.3272],[-78.5299,35.3349],[-78.5336,35.3406],[-78.5329,35.3426],[-78.5493,35.3535],[-78.5528,35.3573],[-78.5627,35.3622],[-78.5628,35.3656],[-78.5677,35.3677],[-78.5691,35.3708],[-78.5681,35.3738],[-78.572,35.3804],[-78.5725,35.3865],[-78.5841,35.3942],[-78.5845,35.3959],[-78.5927,35.3986],[-78.5971,35.4062],[-78.5988,35.4183],[-78.6099,35.4272],[-78.6071,35.4324],[-78.6148,35.4399],[-78.6146,35.442],[-78.6195,35.4451],[-78.6214,35.4505],[-78.6269,35.458],[-78.6389,35.4618],[-78.6498,35.4717],[-78.6503,35.4826],[-78.6534,35.484],[-78.6558,35.4905],[-78.6606,35.4962],[-78.6729,35.4957],[-78.6869,35.5019],[-78.6895,35.5159],[-78.7063,35.5186],[-78.9161,35.5841],[-78.9688,35.5225],[-79.223,35.2681],[-79.2025,35.2582],[-79.1935,35.2501],[-79.1869,35.2473],[-79.1787,35.2478],[-79.1651,35.2409],[-79.1592,35.233],[-79.1539,35.2292],[-79.1541,35.2199],[-79.1513,35.2137],[-79.1379,35.2114],[-79.1346,35.2068],[-79.1205,35.2048],[-79.1008,35.1964],[-79.0963,35.192],[-78.998,35.2141],[-78.9416,35.2193],[-78.9355,35.2187],[-78.9295,35.2224],[-78.9255,35.2219],[-78.9247,35.2239],[-78.9202,35.2203],[-78.9167,35.2237],[-78.9054,35.227],[-78.898,35.2312],[-78.8933,35.2286],[-78.8886,35.2308],[-78.8804,35.2304],[-78.874,35.236],[-78.8761,35.2415],[-78.8679,35.245],[-78.8597,35.2426],[-78.8545,35.2484],[-78.8481,35.2502],[-78.8472,35.253],[-78.8425,35.2525],[-78.8387,35.2539],[-78.8347,35.2524],[-78.8322,35.2555],[-78.8283,35.2551],[-78.8253,35.2595],[-78.8194,35.2605],[-78.8059,35.2566],[-78.8015,35.263],[-78.7987,35.262],[-78.7977,35.2648],[-78.7943,35.2661],[-78.7868,35.2636],[-78.7825,35.2638],[-78.7837,35.2625],[-78.7822,35.261],[-78.7783,35.2636],[-78.771,35.2621],[-78.7696,35.2593],[-78.7659,35.2582],[-78.7642,35.2587],[-78.7637,35.2614],[-78.761,35.2611],[-78.763,35.2632],[-78.76,35.2639],[-78.7606,35.2622],[-78.7591,35.2616],[-78.7575,35.2635],[-78.7545,35.2634],[-78.754,35.2597],[-78.7501,35.2616],[-78.75,35.2635],[-78.7411,35.2638],[-78.736,35.2617],[-78.73,35.2633],[-78.7256,35.2669],[-78.7205,35.2649],[-78.7185,35.2598],[-78.715,35.2602],[-78.7118,35.2576],[-78.7077,35.2592],[-78.7031,35.2568]]]},"properties":{"GEOID":"37085","NAME":"Harnett County"}},{"type":"Feature","geometry":{"type":"Polygon","coordinates":[[[-79.0764,35.4148],[-78.9696,35.5217],[-78.9839,35.5356],[-78.9908,35.5402],[-78.9973,35.5425],[-79.0147,35.5437],[-79.024,35.5484],[-79.0363,35.5619],[-79.0467,35.5699],[-79.0466,35.578],[-79.0513,35.584],[-79.0525,35.5961],[-79.0725,35.6115],[-79.0931,35.6189],[-79.1001,35.6236],[-79.1118,35.6228],[-79.1158,35.6276],[-79.1188,35.6283],[-79.1258,35.6239],[-79.1386,35.624],[-79.1425,35.6227],[-79.1501,35.6171],[-79.1579,35.6036],[-79.1835,35.5844],[-79.1861,35.5803],[-79.2011,35.5765],[-79.2018,35.5726],[-79.1991,35.5639],[-79.1999,35.5586],[-79.2144,35.5557],[-79.2245,35.5508],[-79.2265,35.5542],[-79.2212,35.5596],[-79.2193,35.5665],[-79.2234,35.5687],[-79.2317,35.5681],[-79.2427,35.5703],[-79.2447,35.5691],[-79.2428,35.5607],[-79.2452,35.553],[-79.2609,35.5371],[-79.2675,35.5328],[-79.2763,35.532],[-79.2861,35.539],[-79.2906,35.5401],[-79.2918,35.5427],[-79.2909,35.5454],[-79.2821,35.5516],[-79.2846,35.555],[-79.2941,35.5527],[-79.2993,35.5534],[-79.3038,35.5518],[-79.3035,35.5485],[-79.3124,35.5448],[-79.3176,35.5433],[-79.3239,35.5438],[-79.3136,35.5355],[-79.311,35.5322],[-79.3121,35.5305],[-79.3229,35.5243],[-79.3349,35.525],[-79.3392,35.5211],[-79.3486,35.5197],[-79.3514,35.5158],[-79.3505,35.5135],[-79.3405,35.5063],[-79.3359,35.498],[-79.3392,35.4923],[-79.3456,35.4883],[-79.3515,35.4777],[-79.3598,35.4777],[-79.3566,35.4733],[-79.3598,35.4697],[-79.3569,35.4681],[-79.3556,35.4695],[-79.3551,35.4645],[-79.3519,35.4656],[-79.3527,35.4644],[-79.3483,35.4634],[-79.3516,35.4595],[-79.3505,35.4579],[-79.3461,35.457],[-79.3412,35.4509],[-79.3419,35.4487],[-79.3346,35.4448],[-79.3323,35.4408],[-79.3289,35.4392],[-79.329,35.4364],[-79.3267,35.4348],[-79.3269,35.4329],[-79.3295,35.4312],[-79.3297,35.4234],[-79.3273,35.4237],[-79.3263,35.4225],[-79.3274,35.4216],[-79.3252,35.4208],[-79.3174,35.4199],[-79.3119,35.4129],[-79.3106,35.4086],[-79.3056,35.4075],[-79.3045,35.4048],[-79.294,35.3996],[-79.2896,35.4004],[-79.2839,35.386],[-79.2771,35.3769],[-79.2751,35.3658],[-79.2719,35.3623],[-79.2732,35.3521],[-79.2657,35.3453],[-79.2543,35.3433],[-79.222,35.3243],[-79.1836,35.3072],[-79.0764,35.4148]]]},"properties":{"GEOID":"37105","NAME":"Lee County"}},{"type":"Feature","geometry":{"type":"Polygon","coordinates":[[[-78.8263,34.8507],[-78.5336,34.8511],[-78.5161,34.8459],[-78.5063,34.8526],[-78.4947,34.8562],[-78.4951,34.8591],[-78.4994,34.8592],[-78.5022,34.8617],[-78.5026,34.8646],[-78.5132,34.8692],[-78.5128,34.8724],[-78.5151,34.8751],[-78.5127,34.8806],[-78.5146,34.8809],[-78.5139,34.882],[-78.5156,34.8816],[-78.5176,34.8838],[-78.5197,34.8838],[-78.5197,34.8823],[-78.5247,34.884],[-78.5265,34.8912],[-78.535,34.8937],[-78.5351,34.8956],[-78.5369,34.8952],[-78.5469,34.9006],[-78.5475,34.9023],[-78.5457,34.9026],[-78.5458,34.9051],[-78.5419,34.9081],[-78.5431,34.9094],[-78.542,34.9113],[-78.5445,34.9148],[-78.548,34.9169],[-78.5506,34.9149],[-78.5577,34.9153],[-78.5618,34.9176],[-78.5645,34.9251],[-78.5703,34.9268],[-78.5727,34.9298],[-78.5728,34.9375],[-78.5836,34.9384],[-78.5845,34.9418],[-78.5883,34.9421],[-78.5948,34.9498],[-78.5988,34.9519],[-78.6021,34.9513],[-78.6051,34.9543],[-78.6075,34.9536],[-78.6108,34.9578],[-78.6112,34.9609],[-78.6185,34.9643],[-78.6205,34.9682],[-78.6238,34.9687],[-78.6272,34.9716],[-78.6276,34.9745],[-78.6323,34.9781],[-78.6341,34.9777],[-78.6372,34.9811],[-78.6346,34.9857],[-78.6363,34.9878],[-78.6438,34.9892],[-78.6476,34.9932],[-78.6458,35.0034],[-78.6476,35.0056],[-78.645,35.0101],[-78.6502,35.0151],[-78.6499,35.0186],[-78.6529,35.0206],[-78.6501,35.0237],[-78.6496,35.0269],[-78.6559,35.0346],[-78.6535,35.0345],[-78.6593,35.0429],[-78.6541,35.0496],[-78.6616,35.0599],[-78.6606,35.0633],[-78.6641,35.0673],[-78.6625,35.0695],[-78.663,35.0781],[-78.6656,35.0805],[-78.6692,35.0805],[-78.6723,35.0854],[-78.6705,35.0877],[-78.6705,35.0927],[-78.6673,35.0937],[-78.6636,35.0922],[-78.6582,35.0945],[-78.659,35.1],[-78.6579,35.1014],[-78.6544,35.1007],[-78.6519,35.1037],[-78.654,35.1079],[-78.6538,35.1114],[-78.6506,35.1131],[-78.6431,35.1131],[-78.6393,35.116],[-78.6414,35.1211],[-78.6493,35.1178],[-78.6518,35.1188],[-78.6525,35.121],[-78.6488,35.1252],[-78.6429,35.128],[-78.6417,35.1317],[-78.6384,35.1326],[-78.6355,35.1374],[-78.6347,35.1399],[-78.6369,35.1418],[-78.638,35.1484],[-78.636,35.1508],[-78.6399,35.1551],[-78.6381,35.1574],[-78.6337,35.1571],[-78.6324,35.1639],[-78.6378,35.1652],[-78.6389,35.1672],[-78.6356,35.1709],[-78.6321,35.1699],[-78.6299,35.1725],[-78.6349,35.1772],[-78.6352,35.1797],[-78.6387,35.1818],[-78.64,35.1858],[-78.6359,35.192],[-78.6401,35.1924],[-78.6468,35.1977],[-78.6426,35.2009],[-78.6369,35.1979],[-78.6321,35.2011],[-78.627,35.2012],[-78.6245,35.2034],[-78.6254,35.2057],[-78.6278,35.2058],[-78.6337,35.2125],[-78.6308,35.2171],[-78.624,35.2208],[-78.6195,35.2269],[-78.6183,35.2295],[-78.619,35.2341],[-78.6153,35.2381],[-78.6173,35.2408],[-78.6171,35.2457],[-78.7044,35.2567],[-78.7077,35.2592],[-78.712,35.2576],[-78.713,35.2595],[-78.7189,35.26],[-78.7205,35.2649],[-78.7256,35.2669],[-78.73,35.2633],[-78.736,35.2617],[-78.7411,35.2638],[-78.75,35.2635],[-78.7501,35.2616],[-78.754,35.2597],[-78.7545,35.2634],[-78.7575,35.2635],[-78.7591,35.2616],[-78.7606,35.2622],[-78.76,35.2639],[-78.763,35.2632],[-78.761,35.2611],[-78.7637,35.2614],[-78.7642,35.2587],[-78.7659,35.2582],[-78.7696,35.2593],[-78.771,35.2621],[-78.7783,35.2636],[-78.7822,35.261],[-78.7837,35.2625],[-78.7825,35.2638],[-78.7868,35.2636],[-78.7943,35.2661],[-78.7977,35.2648],[-78.7987,35.262],[-78.8015,35.263],[-78.8059,35.2566],[-78.8194,35.2605],[-78.8253,35.2595],[-78.8283,35.2551],[-78.8322,35.2555],[-78.8347,35.2524],[-78.8387,35.2539],[-78.8425,35.2525],[-78.8472,35.253],[-78.8481,35.2502],[-78.8545,35.2484],[-78.8597,35.2426],[-78.8679,35.245],[-78.8761,35.2415],[-78.874,35.236],[-78.8804,35.2304],[-78.8886,35.2308],[-78.8933,35.2286],[-78.898,35.2312],[-78.9054,35.227],[-78.9167,35.2237],[-78.9202,35.2203],[-78.9247,35.2239],[-78.9255,35.2219],[-78.9295,35.2224],[-78.9355,35.2187],[-78.9416,35.2193],[-78.998,35.2141],[-79.0972,35.191],[-79.0987,35.1839],[-79.0963,35.1779],[-79.1128,35.1247],[-79.1087,35.1243],[-79.1013,35.1146],[-79.1008,35.1081],[-79.099,35.1055],[-79.0998,35.103],[-79.0983,35.101],[-79.0996,35.0989],[-79.0985,35.0943],[-79.0932,35.0903],[-79.0917,35.0829],[-79.0934,35.0796],[-79.0905,35.0779],[-79.0894,35.0734],[-79.0921,35.0639],[-79.0904,35.0594],[-79.0932,35.0564],[-79.0882,35.0517],[-79.0882,35.0495],[-79.0918,35.0476],[-79.0901,35.0458],[-79.0903,35.042],[-79.0842,35.0355],[-79.0723,35.018],[-79.0714,35.0145],[-79.0619,35.0091],[-79.0568,34.9983],[-79.0497,34.992],[-79.047,34.9783],[-79.0435,34.9752],[-79.041,34.9678],[-79.0373,34.967],[-79.0348,34.9631],[-79.0376,34.9575],[-79.0356,34.9552],[-79.0387,34.9527],[-78.955,34.9133],[-78.9531,34.9093],[-78.9408,34.9034],[-78.9387,34.8977],[-78.9267,34.8868],[-78.9223,34.8755],[-78.9217,34.8703],[-78.9268,34.8657],[-78.9268,34.8636],[-78.9042,34.8349],[-78.8263,34.8507]]]},"properties":{"GEOID":"37051","NAME":"Cumberland County"}},{"type":"Feature","geometry":{"type":"Polygon","coordinates":[[[-76.6884,36.299],[-76.683,36.3015],[-76.6806,36.3],[-76.6796,36.3013],[-76.6754,36.3013],[-76.6758,36.3032],[-76.6725,36.3033],[-76.6755,36.3044],[-76.676,36.3062],[-76.6723,36.307],[-76.6749,36.309],[-76.6737,36.3111],[-76.6721,36.3105],[-76.6723,36.3124],[-76.6699,36.3153],[-76.6675,36.3138],[-76.6651,36.316],[-76.6644,36.3137],[-76.6625,36.3145],[-76.6594,36.3131],[-76.6577,36.3147],[-76.6543,36.3142],[-76.6546,36.3107],[-76.6514,36.3107],[-76.6497,36.318],[-76.6469,36.3201],[-76.6422,36.3198],[-76.6425,36.3229],[-76.6393,36.3298],[-76.6228,36.3289],[-76.6131,36.324],[-76.5966,36.3233],[-76.5941,36.3248],[-76.5928,36.3303],[-76.586,36.3336],[-76.576,36.3353],[-76.5708,36.3343],[-76.5569,36.3552],[-76.539,36.3573],[-76.4537,36.3781],[-76.4914,36.4686],[-76.4913,36.5107],[-76.542,36.5507],[-76.9169,36.5513],[-76.9172,36.5458],[-76.9142,36.542],[-76.9167,36.5385],[-76.9215,36.5384],[-76.92,36.5323],[-76.9239,36.5323],[-76.9249,36.5303],[-76.9222,36.5288],[-76.9162,36.5307],[-76.9051,36.5226],[-76.9031,36.5191],[-76.9063,36.5162],[-76.9065,36.5107],[-76.91,36.5056],[-76.9133,36.5041],[-76.9187,36.5056],[-76.9204,36.5044],[-76.9258,36.4876],[-76.9352,36.484],[-76.9364,36.4801],[-76.9334,36.4735],[-76.9344,36.4713],[-76.9471,36.4724],[-76.9506,36.4708],[-76.9467,36.4658],[-76.949,36.4573],[-76.9452,36.4411],[-76.9472,36.4161],[-76.9432,36.4095],[-76.93,36.3999],[-76.9079,36.3907],[-76.8936,36.3901],[-76.8828,36.383],[-76.8741,36.3832],[-76.8521,36.3756],[-76.8392,36.3744],[-76.8317,36.3715],[-76.8227,36.3644],[-76.7954,36.3597],[-76.7899,36.3601],[-76.7848,36.3627],[-76.7783,36.362],[-76.7685,36.3537],[-76.7613,36.3524],[-76.7585,36.3502],[-76.7365,36.3248],[-76.7259,36.3183],[-76.7133,36.3056],[-76.6996,36.2997],[-76.6966,36.2961],[-76.6884,36.299]]]},"properties":{"GEOID":"37073","NAME":"Gates County"}},{"type":"Feature","geometry":{"type":"Polygon","coordinates":[[[-80.0757,35.1407],[-80.0742,35.1324],[-80.069,35.1223],[-80.0697,35.115],[-80.0677,35.1117],[-80.0422,35.103],[-80.0244,35.0904],[-79.9983,35.0854],[-79.9929,35.0856],[-79.9861,35.0891],[-79.9788,35.1008],[-79.9585,35.1137],[-79.9428,35.1192],[-79.9265,35.1173],[-79.9232,35.1142],[-79.9219,35.1067],[-79.9125,35.0961],[-79.9123,35.0753],[-79.909,35.067],[-79.9031,35.0621],[-79.8836,35.0517],[-79.8762,35.0434],[-79.8767,35.0359],[-79.8924,35.0249],[-79.8946,35.0164],[-79.9,35.009],[-79.9006,35.0057],[-79.8805,34.9888],[-79.8648,34.98],[-79.8638,34.9742],[-79.8723,34.955],[-79.8723,34.9504],[-79.867,34.9398],[-79.8601,34.9332],[-79.8556,34.9251],[-79.8494,34.9106],[-79.8487,34.9026],[-79.863,34.8825],[-79.8706,34.875],[-79.8831,34.8645],[-79.9005,34.8578],[-79.9087,34.8416],[-79.9139,34.8185],[-79.9231,34.8088],[-79.9274,34.8067],[-79.6929,34.8052],[-79.6884,34.8113],[-79.6784,34.8139],[-79.6545,34.8149],[-79.6346,34.8255],[-79.6256,34.8179],[-79.614,34.8153],[-79.6171,34.8186],[-79.6208,34.818],[-79.6228,34.8202],[-79.6214,34.8249],[-79.6229,34.8268],[-79.622,34.8294],[-79.6192,34.831],[-79.6186,34.8333],[-79.6201,34.8352],[-79.6174,34.8393],[-79.6228,34.8437],[-79.6197,34.8465],[-79.6199,34.8489],[-79.6268,34.8519],[-79.616,34.8659],[-79.5619,34.9104],[-79.566,34.9111],[-79.564,34.9179],[-79.5683,34.9274],[-79.5786,34.9309],[-79.5817,34.9354],[-79.5848,34.9454],[-79.5832,34.948],[-79.5856,34.9547],[-79.5816,34.9574],[-79.5819,34.9639],[-79.5776,34.9688],[-79.578,34.9724],[-79.5667,34.9794],[-79.5734,34.9922],[-79.5679,34.9943],[-79.553,35.0048],[-79.5214,35.0192],[-79.5105,35.0262],[-79.4689,35.0366],[-79.4609,35.0409],[-79.4588,35.0436],[-79.4618,35.0434],[-79.4673,35.0479],[-79.4707,35.0484],[-79.4753,35.0521],[-79.4774,35.0572],[-79.4831,35.0595],[-79.4863,35.0589],[-79.4883,35.061],[-79.4924,35.06],[-79.4925,35.0613],[-79.4992,35.0639],[-79.5079,35.0615],[-79.5236,35.0662],[-79.5386,35.0647],[-79.5515,35.0663],[-79.564,35.0649],[-79.5651,35.0637],[-79.5683,35.0648],[-79.5724,35.0692],[-79.5762,35.0701],[-79.5828,35.0841],[-79.5825,35.0899],[-79.5748,35.1013],[-79.5756,35.1112],[-79.5733,35.1225],[-79.5844,35.1291],[-79.5846,35.1336],[-79.5881,35.1381],[-79.6023,35.1465],[-79.6059,35.1463],[-79.6051,35.1476],[-79.6063,35.149],[-79.6094,35.149],[-79.6102,35.1554],[-79.6144,35.1597],[-79.6143,35.1637],[-79.6421,35.1577],[-79.6574,35.1645],[-79.6633,35.1708],[-79.6702,35.1724],[-79.6735,35.1754],[-79.6798,35.1774],[-79.6836,35.1766],[-79.6937,35.1782],[-79.6944,35.1796],[-79.7036,35.1754],[-79.714,35.173],[-79.7369,35.1781],[-79.7495,35.173],[-79.7684,35.1772],[-79.792,35.176],[-79.8119,35.1799],[-79.8187,35.1779],[-79.8245,35.1791],[-79.83,35.1771],[-79.8361,35.1772],[-79.8513,35.1839],[-79.8986,35.1617],[-79.9443,35.1642],[-79.9493,35.1577],[-79.9525,35.1565],[-79.9665,35.1582],[-79.975,35.1566],[-79.9847,35.1582],[-79.9887,35.154],[-80.0022,35.149],[-80.0228,35.1372],[-80.0371,35.1406],[-80.0411,35.1397],[-80.0754,35.1431],[-80.0757,35.1407]]]},"properties":{"GEOID":"37153","NAME":"Richmond County"}},{"type":"Feature","geometry":{"type":"Polygon","coordinates":[[[-78.6944,35.5301],[-78.4733,35.7017],[-78.4692,35.7066],[-78.4647,35.7082],[-78.46,35.7057],[-78.3041,35.7903],[-78.256,35.8181],[-78.2551,35.8225],[-78.2569,35.8236],[-78.2547,35.8244],[-78.2537,35.8275],[-78.2698,35.845],[-78.2702,35.8509],[-78.278,35.8673],[-78.2811,35.8681],[-78.2843,35.8746],[-78.2899,35.8766],[-78.2911,35.8806],[-78.2954,35.8814],[-78.297,35.8868],[-78.3013,35.8878],[-78.303,35.8906],[-78.3051,35.891],[-78.3037,35.8921],[-78.3077,35.8948],[-78.3071,35.8967],[-78.313,35.8973],[-78.3195,35.8943],[-78.3206,35.896],[-78.3285,35.8967],[-78.3315,35.8979],[-78.3355,35.9058],[-78.3439,35.9068],[-78.3504,35.9095],[-78.3533,35.9311],[-78.3943,35.9369],[-78.4269,35.975],[-78.4935,36.0027],[-78.6037,36.0424],[-78.6832,36.0745],[-78.7063,36.0764],[-78.7194,36.0759],[-78.7513,36.0708],[-78.7543,36.0563],[-78.7536,36.0314],[-78.7402,36.0236],[-78.72,36.0296],[-78.7074,36.0111],[-78.6993,36.0114],[-78.717,35.9613],[-78.7417,35.9339],[-78.7498,35.933],[-78.7591,35.9184],[-78.8048,35.9276],[-78.83,35.867],[-78.9061,35.8681],[-78.9094,35.8429],[-78.9264,35.802],[-78.9309,35.7944],[-78.9363,35.7719],[-78.995,35.6102],[-78.7089,35.5195],[-78.6944,35.5301]]]},"properties":{"GEOID":"37183","NAME":"Wake County"}},{"type":"Feature","geometry":{"type":"Polygon","coordinates":[[[-77.3524,35.3279],[-77.3576,35.3285],[-77.3654,35.3332],[-77.3818,35.334],[-77.3919,35.3391],[-77.3952,35.343],[-77.4109,35.338],[-77.4105,35.3319],[-77.4142,35.334],[-77.4147,35.3304],[-77.4213,35.3313],[-77.4233,35.3287],[-77.4293,35.3306],[-77.4313,35.3298],[-77.4323,35.3245],[-77.4311,35.3129],[-77.4385,35.3118],[-77.4401,35.3038],[-77.4489,35.302],[-77.4496,35.2995],[-77.4464,35.2962],[-77.4466,35.2936],[-77.4399,35.2896],[-77.4406,35.2846],[-77.4377,35.277],[-77.4318,35.2712],[-77.4286,35.2641],[-77.4262,35.2624],[-77.4261,35.2575],[-77.4334,35.2497],[-77.4459,35.2466],[-77.4643,35.2392],[-77.4656,35.2346],[-77.4733,35.2311],[-77.4737,35.229],[-77.4516,35.2186],[-77.3292,35.1498],[-77.1877,35.0811],[-77.191,35.0765],[-77.1894,35.0667],[-77.1854,35.0632],[-77.1824,35.0626],[-77.1791,35.0582],[-77.1739,35.0591],[-77.1806,35.0552],[-77.1739,35.0582],[-77.1719,35.0608],[-77.1688,35.0603],[-77.1643,35.0655],[-77.1599,35.0623],[-77.1548,35.0627],[-77.1498,35.0577],[-77.1521,35.0547],[-77.1483,35.0547],[-77.1496,35.0565],[-77.147,35.0566],[-77.1452,35.0601],[-77.1417,35.062],[-77.1384,35.0613],[-77.1323,35.0671],[-77.1304,35.0724],[-77.1186,35.0733],[-77.1183,35.0716],[-77.1161,35.0741],[-77.1097,35.0686],[-77.1104,35.0652],[-77.1079,35.0543],[-77.1103,35.0457],[-77.1075,35.0417],[-77.1065,35.0343],[-77.0988,35.0269],[-77.1024,35.0234],[-77.1031,35.0178],[-77.1089,34.8308],[-77.0472,34.8364],[-77.0681,34.8202],[-77.0733,34.8176],[-77.0783,34.8113],[-76.9544,34.8091],[-76.9548,34.8245],[-76.8822,34.8367],[-76.8832,34.8449],[-76.7718,34.8467],[-76.7664,34.8488],[-76.758,34.8463],[-76.693,34.8692],[-76.691,34.8824],[-76.6868,34.8887],[-76.6861,34.8956],[-76.683,34.8993],[-76.6696,34.9051],[-76.6627,34.9119],[-76.6526,34.9376],[-76.6854,34.9642],[-76.7116,34.9818],[-76.762,34.9538],[-76.7806,34.9504],[-76.8148,34.9516],[-76.842,34.9604],[-76.9013,34.9841],[-76.9492,35.0175],[-76.957,35.0258],[-76.9673,35.0407],[-76.9532,35.0515],[-76.9416,35.0521],[-76.9411,35.0577],[-76.9362,35.0617],[-76.9351,35.0713],[-76.9375,35.0758],[-76.9336,35.0776],[-76.9333,35.0819],[-76.936,35.0831],[-76.9352,35.0852],[-76.938,35.085],[-76.9364,35.0868],[-76.9385,35.0887],[-76.9372,35.0906],[-76.9384,35.0947],[-76.9377,35.0972],[-76.9359,35.097],[-76.9377,35.098],[-76.9368,35.1016],[-76.9402,35.1031],[-76.9374,35.1029],[-76.9367,35.1053],[-76.9328,35.1056],[-76.9362,35.1081],[-76.9359,35.1118],[-76.9379,35.1129],[-76.9376,35.1146],[-76.9309,35.1168],[-76.9402,35.1147],[-76.9421,35.1157],[-76.9408,35.1191],[-76.9435,35.1213],[-76.947,35.1213],[-76.9479,35.1241],[-76.9487,35.1234],[-76.9484,35.1257],[-76.9486,35.1237],[-76.9556,35.1254],[-76.9591,35.1276],[-76.9685,35.1293],[-76.9751,35.1332],[-76.978,35.1384],[-76.9849,35.1451],[-76.9876,35.1546],[-76.9769,35.1555],[-76.9702,35.1621],[-76.9718,35.1664],[-76.9692,35.1711],[-76.9714,35.1766],[-76.9663,35.1827],[-76.9629,35.1979],[-76.9595,35.2028],[-76.9524,35.2078],[-76.9445,35.2109],[-76.9426,35.2133],[-76.9425,35.2197],[-76.9326,35.2303],[-76.9061,35.2359],[-76.8959,35.2539],[-76.9589,35.301],[-77.1891,35.4184],[-77.2016,35.3987],[-77.2112,35.3982],[-77.2201,35.402],[-77.2219,35.4003],[-77.2271,35.3998],[-77.2285,35.3953],[-77.2271,35.3932],[-77.2346,35.3911],[-77.2365,35.3889],[-77.2373,35.3834],[-77.2396,35.3814],[-77.2381,35.3801],[-77.2385,35.3756],[-77.2368,35.3718],[-77.2394,35.3664],[-77.2379,35.3615],[-77.2472,35.3547],[-77.2594,35.3516],[-77.2666,35.3539],[-77.2704,35.3601],[-77.2679,35.366],[-77.2693,35.3692],[-77.2794,35.3757],[-77.2943,35.3791],[-77.3524,35.3279]]]},"properties":{"GEOID":"37049","NAME":"Craven County"}},{"type":"Feature","geometry":{"type":"Polygon","coordinates":[[[-78.1297,36.2396],[-78.133,36.2464],[-78.1363,36.2459],[-78.1376,36.2476],[-78.1423,36.246],[-78.1487,36.2469],[-78.157,36.2444],[-78.1609,36.2456],[-78.1619,36.2479],[-78.1732,36.2555],[-78.1889,36.2477],[-78.1939,36.2468],[-78.1984,36.2516],[-78.2157,36.2519],[-78.2248,36.2565],[-78.2303,36.2559],[-78.2357,36.2583],[-78.307,36.2662],[-78.3148,36.2562],[-78.3326,36.2417],[-78.3381,36.2344],[-78.3781,36.2351],[-78.4121,36.1696],[-78.4166,36.1693],[-78.4181,36.1675],[-78.422,36.1681],[-78.4215,36.1644],[-78.4324,36.1644],[-78.4318,36.1667],[-78.4499,36.1691],[-78.454,36.168],[-78.4579,36.1637],[-78.4604,36.1659],[-78.4608,36.17],[-78.4668,36.1726],[-78.4856,36.1751],[-78.4845,36.179],[-78.4928,36.1839],[-78.4959,36.1797],[-78.4955,36.1755],[-78.5448,36.0808],[-78.5464,36.0218],[-78.4935,36.0027],[-78.4269,35.975],[-78.3943,35.9369],[-78.3533,35.9311],[-78.3504,35.9095],[-78.3439,35.9068],[-78.3355,35.9058],[-78.3315,35.8979],[-78.3285,35.8967],[-78.3206,35.896],[-78.3195,35.8943],[-78.313,35.8973],[-78.3071,35.8967],[-78.3077,35.8948],[-78.3037,35.8921],[-78.3051,35.891],[-78.303,35.8906],[-78.3013,35.8878],[-78.297,35.8868],[-78.2954,35.8814],[-78.2911,35.8806],[-78.2899,35.8766],[-78.2843,35.8746],[-78.2811,35.8681],[-78.278,35.8673],[-78.2702,35.8509],[-78.2698,35.845],[-78.2582,35.831],[-78.2539,35.8281],[-78.2547,35.8244],[-78.2569,35.8236],[-78.2551,35.8225],[-78.256,35.8181],[-78.1822,35.9388],[-78.0066,36.2026],[-78.0117,36.2061],[-78.0141,36.2052],[-78.0162,36.2078],[-78.0186,36.205],[-78.0223,36.2054],[-78.0238,36.2083],[-78.0252,36.2082],[-78.0247,36.2095],[-78.0288,36.2103],[-78.0305,36.2145],[-78.0312,36.209],[-78.0354,36.207],[-78.0389,36.2088],[-78.0372,36.2105],[-78.0454,36.2125],[-78.0433,36.2139],[-78.0445,36.2154],[-78.0582,36.211],[-78.0583,36.2128],[-78.0637,36.2139],[-78.0662,36.2165],[-78.0685,36.215],[-78.071,36.2166],[-78.0713,36.2153],[-78.074,36.2154],[-78.077,36.2115],[-78.0832,36.2126],[-78.0849,36.2092],[-78.0916,36.2077],[-78.0943,36.2103],[-78.0974,36.2089],[-78.0984,36.2108],[-78.1027,36.2089],[-78.1049,36.2107],[-78.1101,36.2102],[-78.1106,36.2161],[-78.112,36.2175],[-78.1148,36.2167],[-78.1189,36.2242],[-78.1217,36.224],[-78.123,36.2263],[-78.1257,36.2263],[-78.1266,36.2333],[-78.125,36.2352],[-78.1297,36.2396]]]},"properties":{"GEOID":"37069","NAME":"Franklin County"}},{"type":"Feature","geometry":{"type":"Polygon","coordinates":[[[-76.0206,35.8411],[-76.0177,35.8654],[-76.0099,35.8929],[-76.0083,35.8958],[-75.9923,35.9099],[-75.9875,35.9165],[-75.9807,35.9597],[-75.9732,35.9766],[-75.9656,35.9834],[-75.9544,35.9901],[-75.84,36.0288],[-75.8647,36.0362],[-75.8748,36.0418],[-75.8895,36.0553],[-75.902,36.0741],[-75.9063,36.0859],[-75.9505,36.088],[-76.0224,36.0867],[-76.0226,36.0967],[-76.0582,36.0806],[-76.1011,36.0695],[-76.1564,36.0599],[-76.1817,36.049],[-76.2099,36.042],[-76.2298,36.0407],[-76.2838,36.0314],[-76.3337,36.0199],[-76.3584,36.02],[-76.3581,35.9516],[-76.3655,35.9441],[-76.3677,35.93],[-76.38,35.9147],[-76.3731,35.8992],[-76.3696,35.8832],[-76.3602,35.8756],[-76.3536,35.8613],[-76.4056,35.7863],[-76.406,35.6976],[-76.2692,35.6908],[-76.2979,35.6089],[-76.2858,35.6045],[-76.2814,35.6063],[-76.2768,35.6052],[-76.2699,35.6081],[-76.2654,35.6033],[-76.2561,35.6038],[-76.2523,35.6061],[-76.2467,35.6025],[-76.2391,35.6027],[-76.2296,35.5997],[-76.2255,35.6018],[-76.2241,35.5998],[-76.2138,35.5983],[-76.2052,35.6076],[-76.2075,35.6102],[-76.2062,35.6113],[-76.2023,35.6095],[-76.2033,35.6115],[-76.2013,35.6126],[-76.2015,35.6152],[-76.1982,35.617],[-76.2001,35.6175],[-76.1999,35.619],[-76.1956,35.6203],[-76.1958,35.6217],[-76.1997,35.6225],[-76.1965,35.6232],[-76.1965,35.6284],[-76.1948,35.6286],[-76.1948,35.6311],[-76.1969,35.6311],[-76.1988,35.634],[-76.1963,35.6332],[-76.1975,35.6362],[-76.1942,35.6358],[-76.1928,35.6406],[-76.1947,35.6412],[-76.1934,35.6456],[-76.1843,35.6486],[-76.1778,35.6549],[-76.1802,35.6565],[-76.1788,35.6597],[-76.1816,35.6665],[-76.1759,35.6648],[-76.1757,35.6724],[-76.1695,35.6725],[-76.1755,35.6786],[-76.1719,35.682],[-76.1766,35.6862],[-76.1756,35.6909],[-76.167,35.6912],[-76.1729,35.6957],[-76.169,35.6988],[-76.1628,35.6959],[-76.1416,35.7028],[-76.137,35.6999],[-76.1301,35.6908],[-76.1227,35.6933],[-76.1183,35.6919],[-76.1207,35.6833],[-76.1196,35.6799],[-76.1146,35.678],[-76.1041,35.6783],[-76.0983,35.6702],[-76.0926,35.6698],[-76.0854,35.6749],[-76.0734,35.6718],[-76.0611,35.6752],[-76.057,35.674],[-76.0427,35.6638],[-76.0332,35.662],[-76.0272,35.6693],[-76.0205,35.6874],[-76.0274,35.7189],[-76.0193,35.7528],[-76.0224,35.8107],[-76.0206,35.8411]]]},"properties":{"GEOID":"37177","NAME":"Tyrrell County"}},{"type":"Feature","geometry":{"type":"Polygon","coordinates":[[[-83.3678,34.9951],[-83.1086,35.0007],[-83.1097,35.0029],[-83.1085,35.0095],[-83.1126,35.0133],[-83.1171,35.0117],[-83.1264,35.0157],[-83.1263,35.0229],[-83.1301,35.0261],[-83.1327,35.0338],[-83.1309,35.0386],[-83.1358,35.0381],[-83.1485,35.0541],[-83.159,35.0571],[-83.1632,35.0565],[-83.1712,35.0608],[-83.1691,35.0619],[-83.1717,35.0651],[-83.1715,35.0697],[-83.1647,35.0712],[-83.1575,35.0784],[-83.1428,35.0787],[-83.1475,35.0885],[-83.1478,35.0934],[-83.1521,35.0956],[-83.1525,35.0982],[-83.1601,35.0981],[-83.1681,35.1054],[-83.1721,35.1054],[-83.1775,35.1091],[-83.1786,35.1157],[-83.183,35.1192],[-83.1832,35.1258],[-83.1864,35.1285],[-83.1867,35.1335],[-83.1914,35.1358],[-83.1939,35.1404],[-83.2095,35.1505],[-83.2129,35.158],[-83.2206,35.1588],[-83.2239,35.1573],[-83.2225,35.1679],[-83.2253,35.1771],[-83.2232,35.1838],[-83.2246,35.1885],[-83.2225,35.1928],[-83.2167,35.1949],[-83.2193,35.1966],[-83.2174,35.1992],[-83.2196,35.2013],[-83.2195,35.2059],[-83.2163,35.2087],[-83.216,35.2131],[-83.2185,35.2173],[-83.2184,35.2211],[-83.2165,35.2232],[-83.2218,35.2289],[-83.2241,35.2387],[-83.2327,35.2402],[-83.243,35.2392],[-83.2452,35.2315],[-83.2614,35.2311],[-83.2766,35.2278],[-83.2819,35.229],[-83.2841,35.2319],[-83.2935,35.2354],[-83.2942,35.2414],[-83.2969,35.2426],[-83.2952,35.2476],[-83.2982,35.2557],[-83.3084,35.2571],[-83.3113,35.2597],[-83.3104,35.2641],[-83.3158,35.2647],[-83.3139,35.2691],[-83.3158,35.2741],[-83.312,35.2815],[-83.3185,35.2889],[-83.3167,35.2926],[-83.317,35.2982],[-83.3229,35.3014],[-83.323,35.3082],[-83.3214,35.312],[-83.3247,35.3143],[-83.3319,35.316],[-83.3344,35.3205],[-83.3342,35.3257],[-83.3396,35.331],[-83.3473,35.3285],[-83.3572,35.3297],[-83.3642,35.326],[-83.3725,35.3291],[-83.3793,35.3255],[-83.3863,35.3268],[-83.3914,35.3255],[-83.3996,35.3278],[-83.4043,35.3249],[-83.4109,35.3165],[-83.4159,35.3195],[-83.4218,35.3176],[-83.4284,35.3245],[-83.4326,35.3252],[-83.4377,35.3219],[-83.4408,35.3172],[-83.4481,35.3167],[-83.4521,35.3142],[-83.4559,35.3028],[-83.4613,35.3017],[-83.4636,35.299],[-83.4674,35.2978],[-83.4741,35.2977],[-83.4867,35.3054],[-83.4903,35.3055],[-83.4957,35.2995],[-83.6731,35.2828],[-83.6841,35.2764],[-83.6848,35.2727],[-83.6885,35.2691],[-83.6948,35.2576],[-83.7027,35.2485],[-83.6981,35.2472],[-83.6952,35.2438],[-83.6917,35.2428],[-83.6905,35.2348],[-83.6933,35.2321],[-83.6938,35.2287],[-83.6984,35.2239],[-83.71,35.2189],[-83.713,35.2132],[-83.7227,35.2098],[-83.7288,35.2009],[-83.7195,35.1968],[-83.7163,35.1997],[-83.7113,35.1957],[-83.7127,35.1891],[-83.7253,35.1835],[-83.7316,35.1784],[-83.7323,35.1748],[-83.7306,35.1718],[-83.7381,35.1559],[-83.7308,35.1484],[-83.7264,35.1455],[-83.7144,35.1553],[-83.6995,35.1525],[-83.6938,35.1561],[-83.6871,35.1541],[-83.6844,35.1578],[-83.6788,35.1562],[-83.6731,35.157],[-83.6695,35.1543],[-83.6678,35.1505],[-83.6659,35.1501],[-83.6594,35.1545],[-83.6594,35.16],[-83.655,35.1582],[-83.6523,35.1541],[-83.6479,35.1523],[-83.6491,35.1475],[-83.6451,35.145],[-83.6488,35.1405],[-83.6572,35.1401],[-83.6549,35.1358],[-83.6495,35.1345],[-83.6421,35.1391],[-83.6402,35.1387],[-83.637,35.1346],[-83.6377,35.1328],[-83.6438,35.1321],[-83.6402,35.1306],[-83.6351,35.1212],[-83.6324,35.1251],[-83.625,35.1251],[-83.6266,35.1314],[-83.6237,35.1288],[-83.6189,35.1282],[-83.6201,35.1263],[-83.6189,35.1194],[-83.6173,35.1194],[-83.6169,35.1154],[-83.6146,35.1134],[-83.6185,35.1087],[-83.6183,35.1068],[-83.6113,35.1021],[-83.6054,35.1019],[-83.6003,35.0995],[-83.596,35.0944],[-83.5874,35.0923],[-83.5834,35.087],[-83.5851,35.0819],[-83.5819,35.0781],[-83.5787,35.0771],[-83.5753,35.0717],[-83.5669,35.071],[-83.568,35.0669],[-83.5622,35.0595],[-83.5667,35.0513],[-83.5631,35.0483],[-83.5584,35.0391],[-83.5429,35.0385],[-83.5379,35.0354],[-83.5311,35.0262],[-83.5213,35.0183],[-83.5219,35.0132],[-83.5271,35.0092],[-83.522,35.0036],[-83.5226,34.9994],[-83.5208,34.9966],[-83.518,34.9974],[-83.5167,35.0019],[-83.5141,35.0041],[-83.5104,35.0052],[-83.5046,35.0007],[-83.5001,35.0016],[-83.4933,34.9989],[-83.4865,34.9985],[-83.4829,34.9933],[-83.3678,34.9951]]]},"properties":{"GEOID":"37113","NAME":"Macon County"}},{"type":"Feature","geometry":{"type":"Polygon","coordinates":[[[-79.1283,34.8829],[-79.1914,34.8337],[-79.3488,34.8389],[-79.3536,34.8287],[-79.3516,34.8277],[-79.3522,34.8259],[-79.3537,34.8262],[-79.353,34.824],[-79.3577,34.8207],[-79.3574,34.819],[-79.3549,34.8167],[-79.3555,34.8153],[-79.3531,34.8143],[-79.3535,34.8125],[-79.3514,34.8127],[-79.3518,34.8108],[-79.3491,34.8087],[-79.3502,34.8052],[-79.3468,34.8025],[-79.3481,34.8009],[-79.3465,34.8004],[-79.3454,34.7959],[-79.343,34.7941],[-79.3442,34.7923],[-79.3419,34.7921],[-79.3424,34.7902],[-79.3396,34.7891],[-79.3396,34.7871],[-79.3383,34.7878],[-79.3388,34.7856],[-79.3372,34.7855],[-79.3344,34.7774],[-79.3319,34.7771],[-79.3331,34.7764],[-79.3318,34.7765],[-79.3309,34.774],[-79.4615,34.6304],[-79.3755,34.5604],[-79.2204,34.4247],[-79.0712,34.2993],[-79.0689,34.3012],[-79.0704,34.3035],[-79.0672,34.3036],[-79.0696,34.305],[-79.0684,34.307],[-79.0653,34.3087],[-79.0616,34.3083],[-79.0609,34.3067],[-79.0584,34.3089],[-79.0548,34.309],[-79.0575,34.3108],[-79.0529,34.3146],[-79.0505,34.3146],[-79.0495,34.3119],[-79.0456,34.3107],[-79.0385,34.3131],[-79.0372,34.3164],[-79.0404,34.3175],[-79.0365,34.3214],[-79.0355,34.3192],[-79.0338,34.3248],[-79.0369,34.3261],[-79.0349,34.3271],[-79.0365,34.3288],[-79.0348,34.3299],[-79.0371,34.3335],[-79.035,34.3339],[-79.0356,34.3367],[-79.0336,34.3372],[-79.0345,34.3384],[-79.0304,34.3401],[-79.0322,34.3427],[-79.0287,34.3427],[-79.0287,34.3455],[-79.0304,34.3468],[-79.0268,34.3489],[-79.0251,34.3482],[-79.025,34.3517],[-79.0271,34.3531],[-79.0185,34.3522],[-79.0172,34.35],[-79.0168,34.3518],[-79.0091,34.3528],[-79.0107,34.3551],[-79.0055,34.3596],[-79.0081,34.3614],[-79.0038,34.3612],[-79.0041,34.3628],[-79.0008,34.3649],[-79.0028,34.3645],[-79.0029,34.3689],[-79.0049,34.3697],[-79.0056,34.3729],[-79.0074,34.3725],[-79.0074,34.3768],[-79.0102,34.377],[-79.0096,34.38],[-79.0116,34.3809],[-79.0085,34.3824],[-79.0069,34.3815],[-79.0064,34.3836],[-79.0023,34.3843],[-78.9986,34.391],[-78.9949,34.3904],[-78.995,34.3926],[-78.9835,34.3938],[-78.9829,34.3923],[-78.9785,34.3926],[-78.9797,34.3909],[-78.9773,34.3904],[-78.9735,34.3921],[-78.9757,34.3939],[-78.9755,34.3961],[-78.974,34.3947],[-78.9697,34.3952],[-78.9703,34.3966],[-78.968,34.3976],[-78.9699,34.4012],[-78.9672,34.4021],[-78.9679,34.4056],[-78.9696,34.406],[-78.9673,34.4108],[-78.9709,34.41],[-78.9679,34.413],[-78.9697,34.413],[-78.9702,34.4153],[-78.968,34.4166],[-78.9718,34.4181],[-78.9674,34.4222],[-78.9693,34.4224],[-78.97,34.4243],[-78.9682,34.4251],[-78.9712,34.4275],[-78.9668,34.4312],[-78.9661,34.4354],[-78.9608,34.4392],[-78.9598,34.443],[-78.9563,34.4429],[-78.9554,34.4445],[-78.954,34.4434],[-78.9542,34.4457],[-78.9518,34.4488],[-78.9483,34.45],[-78.9457,34.4491],[-78.9413,34.4534],[-78.9368,34.4517],[-78.9351,34.4537],[-78.9368,34.4553],[-78.9329,34.4539],[-78.9294,34.455],[-78.9252,34.4528],[-78.9216,34.4539],[-78.9186,34.4518],[-78.9171,34.4533],[-78.9209,34.4583],[-78.9199,34.4593],[-78.9141,34.4592],[-78.9069,34.4558],[-78.9037,34.4578],[-78.9073,34.4601],[-78.9062,34.4623],[-78.9011,34.4599],[-78.8955,34.4623],[-78.8931,34.4654],[-78.8945,34.4684],[-78.8919,34.4674],[-78.8889,34.4687],[-78.8877,34.4707],[-78.8818,34.4728],[-78.8816,34.4753],[-78.8698,34.4822],[-78.8694,34.4871],[-78.8635,34.498],[-78.8574,34.5013],[-78.8494,34.5026],[-78.8494,34.5],[-78.8463,34.4998],[-78.8447,34.509],[-78.8511,34.512],[-78.8496,34.5125],[-78.8503,34.5138],[-78.8573,34.5154],[-78.8539,34.5188],[-78.8566,34.5247],[-78.853,34.5278],[-78.8555,34.5306],[-78.8557,34.534],[-78.8601,34.5374],[-78.8612,34.5449],[-78.8601,34.5449],[-78.8599,34.5477],[-78.8583,34.5456],[-78.8576,34.547],[-78.8608,34.5525],[-78.858,34.5569],[-78.8627,34.56],[-78.8627,34.5622],[-78.8614,34.5637],[-78.857,34.5631],[-78.8569,34.5689],[-78.8542,34.575],[-78.848,34.5757],[-78.8436,34.5785],[-78.8433,34.5878],[-78.839,34.5897],[-78.836,34.5934],[-78.8353,34.5975],[-78.8412,34.5972],[-78.8372,34.5984],[-78.834,34.6016],[-78.8317,34.6082],[-78.8315,34.6114],[-78.8347,34.615],[-78.8331,34.6181],[-78.8344,34.6216],[-78.832,34.6258],[-78.8298,34.6258],[-78.8306,34.6279],[-78.8284,34.6297],[-78.8298,34.6322],[-78.8272,34.6348],[-78.8276,34.6371],[-78.8255,34.637],[-78.8265,34.6383],[-78.8251,34.6407],[-78.8228,34.643],[-78.8185,34.6417],[-78.8191,34.6436],[-78.8218,34.644],[-78.8218,34.6457],[-78.8198,34.6456],[-78.8181,34.6508],[-78.8136,34.6517],[-78.8154,34.6547],[-78.8184,34.655],[-78.8194,34.6621],[-78.8137,34.6678],[-78.8094,34.6683],[-78.8104,34.6727],[-78.8064,34.6751],[-78.8072,34.6816],[-78.8054,34.6866],[-78.8058,34.6896],[-78.8119,34.6944],[-78.8216,34.7096],[-78.8327,34.7156],[-78.8324,34.7197],[-78.8378,34.7179],[-78.8445,34.7241],[-78.8408,34.7273],[-78.8449,34.7271],[-78.8488,34.7326],[-78.8542,34.7355],[-78.8561,34.7478],[-78.8584,34.7535],[-78.8622,34.7567],[-78.862,34.7598],[-78.8653,34.7678],[-78.8638,34.7709],[-78.8661,34.7731],[-78.8692,34.7733],[-78.8687,34.7751],[-78.8708,34.7769],[-78.87,34.7787],[-78.8771,34.788],[-78.8776,34.7921],[-78.8848,34.8023],[-78.8839,34.8046],[-78.8867,34.8096],[-78.8833,34.8121],[-78.8871,34.8109],[-78.8928,34.8142],[-78.8959,34.8207],[-78.8998,34.8248],[-78.9003,34.8324],[-78.902,34.8353],[-78.9042,34.8349],[-78.9268,34.8636],[-78.9268,34.8657],[-78.9216,34.8707],[-78.9267,34.8868],[-78.9387,34.8977],[-78.9408,34.9034],[-78.9531,34.9093],[-78.9549,34.9133],[-79.0387,34.9527],[-79.1283,34.8829]]]},"properties":{"GEOID":"37155","NAME":"Robeson County"}},{"type":"Feature","geometry":{"type":"Polygon","coordinates":[[[-81.5375,35.5644],[-81.5154,35.5583],[-81.5092,35.5504],[-81.5095,35.5361],[-81.513,35.5233],[-81.4814,35.4715],[-81.4586,35.4233],[-81.4556,35.4198],[-81.0162,35.4039],[-80.9549,35.4001],[-80.9587,35.4115],[-80.9551,35.421],[-80.9586,35.4329],[-80.9503,35.4475],[-80.9431,35.4529],[-80.9424,35.4564],[-80.9433,35.4594],[-80.9506,35.4653],[-80.9517,35.4682],[-80.9481,35.48],[-80.9453,35.4836],[-80.948,35.491],[-80.9604,35.4962],[-80.9635,35.506],[-80.956,35.5151],[-80.9578,35.5237],[-80.9563,35.5319],[-80.9539,35.5323],[-80.9448,35.526],[-80.9413,35.5267],[-80.9397,35.5292],[-80.9421,35.5326],[-80.9588,35.5446],[-80.96,35.547],[-81.4962,35.5671],[-81.5354,35.5681],[-81.5375,35.5644]]]},"properties":{"GEOID":"37109","NAME":"Lincoln County"}},{"type":"Feature","geometry":{"type":"Polygon","coordinates":[[[-81.3365,36.0106],[-81.345,36.0256],[-81.3485,36.0258],[-81.378,36.0407],[-81.3806,36.0421],[-81.3808,36.0444],[-81.3964,36.0408],[-81.3973,36.0431],[-81.3895,36.0501],[-81.3965,36.0566],[-81.4,36.0626],[-81.3978,36.0664],[-81.4033,36.0659],[-81.4064,36.0678],[-81.4074,36.0718],[-81.4094,36.0707],[-81.4112,36.0728],[-81.4147,36.0727],[-81.4173,36.0708],[-81.4244,36.0779],[-81.4311,36.0753],[-81.4382,36.0753],[-81.4448,36.0721],[-81.4444,36.0755],[-81.4481,36.0794],[-81.4474,36.083],[-81.4532,36.0867],[-81.454,36.0905],[-81.46,36.091],[-81.4678,36.0855],[-81.4778,36.0928],[-81.4771,36.0968],[-81.4844,36.096],[-81.4893,36.0986],[-81.4935,36.0975],[-81.4957,36.1006],[-81.5016,36.1003],[-81.5084,36.097],[-81.5165,36.0975],[-81.52,36.1026],[-81.5455,36.1175],[-81.6606,36.1184],[-81.6748,36.1226],[-81.8105,36.1115],[-81.7968,36.1071],[-81.7922,36.1032],[-81.7857,36.1005],[-81.7813,36.1012],[-81.7741,36.0986],[-81.7608,36.0898],[-81.758,36.0825],[-81.7585,36.0772],[-81.7554,36.076],[-81.7543,36.0731],[-81.7411,36.0719],[-81.7357,36.0676],[-81.8088,35.9583],[-81.7962,35.9488],[-81.7945,35.9502],[-81.7871,35.9476],[-81.7775,35.9474],[-81.7767,35.9416],[-81.7798,35.9387],[-81.7755,35.9339],[-81.7777,35.9299],[-81.7762,35.9271],[-81.7694,35.9291],[-81.7629,35.9257],[-81.7587,35.9285],[-81.7568,35.9255],[-81.7525,35.9244],[-81.7457,35.9164],[-81.7446,35.9087],[-81.74,35.9072],[-81.7351,35.9028],[-81.7307,35.8978],[-81.729,35.8912],[-81.7246,35.8897],[-81.7191,35.8833],[-81.717,35.8832],[-81.7102,35.8752],[-81.6392,35.8483],[-81.6322,35.8358],[-81.6261,35.8335],[-81.6301,35.8304],[-81.6104,35.8196],[-81.6008,35.8251],[-81.5541,35.7769],[-81.5162,35.7809],[-81.4903,35.7805],[-81.4746,35.7835],[-81.446,35.7852],[-81.444,35.784],[-81.4425,35.7752],[-81.441,35.7736],[-81.4265,35.772],[-81.4081,35.7652],[-81.3992,35.7586],[-81.3911,35.7595],[-81.3822,35.7572],[-81.3767,35.7578],[-81.3754,35.7615],[-81.3691,35.7674],[-81.3575,35.7671],[-81.3539,35.7689],[-81.3525,35.7738],[-81.3556,35.7803],[-81.3515,35.7838],[-81.3475,35.7926],[-81.3432,35.7956],[-81.3343,35.7963],[-81.3318,35.8007],[-81.3325,35.8037],[-81.335,35.8038],[-81.3379,35.8126],[-81.3357,35.8145],[-81.34,35.8161],[-81.3374,35.8179],[-81.3393,35.8234],[-81.3405,35.8244],[-81.3424,35.8224],[-81.344,35.8246],[-81.3334,35.8789],[-81.3429,35.9232],[-81.3283,35.9966],[-81.3365,36.0106]]]},"properties":{"GEOID":"37027","NAME":"Caldwell County"}},{"type":"Feature","geometry":{"type":"Polygon","coordinates":[[[-77.8482,34.7201],[-77.6801,34.7206],[-77.6788,34.7851],[-77.677,34.7996],[-77.6661,34.8397],[-77.651,34.9233],[-77.6534,34.9405],[-77.6801,34.9711],[-77.6748,34.9739],[-77.731,35.0081],[-77.746,35.0223],[-77.7472,35.0514],[-77.7489,35.0513],[-77.7492,35.0581],[-77.7475,35.0582],[-77.7496,35.1086],[-77.7692,35.1456],[-77.8343,35.1779],[-77.8888,35.16],[-77.8939,35.1541],[-77.8936,35.1499],[-77.8913,35.147],[-77.8922,35.1463],[-77.8981,35.1489],[-77.904,35.1546],[-77.9089,35.1571],[-77.9096,35.1623],[-77.9132,35.1661],[-77.9257,35.1729],[-77.93,35.1736],[-77.936,35.171],[-77.9451,35.1724],[-77.9535,35.1655],[-77.9701,35.1659],[-77.9783,35.1708],[-77.9815,35.1803],[-77.9843,35.1839],[-77.9946,35.1832],[-78.0009,35.189],[-78.0064,35.1908],[-78.0171,35.1909],[-78.0206,35.194],[-78.0338,35.1918],[-78.0445,35.1925],[-78.0774,35.1751],[-78.1634,35.1897],[-78.1646,35.1691],[-78.163,35.1373],[-78.1707,35.1149],[-78.1718,35.0935],[-78.1598,35.0798],[-78.1471,34.9025],[-78.1986,34.7416],[-78.1506,34.722],[-78.1352,34.7102],[-78.1286,34.7113],[-78.1139,34.7219],[-78.102,34.7256],[-78.0941,34.724],[-78.0871,34.7261],[-78.0816,34.7226],[-78.0662,34.7279],[-78.0563,34.727],[-78.052,34.7251],[-78.0406,34.7276],[-78.0392,34.7261],[-78.0367,34.7274],[-78.036,34.7258],[-78.0324,34.7275],[-78.0297,34.7248],[-78.0288,34.7268],[-78.0253,34.7263],[-78.0235,34.7304],[-78.0161,34.7326],[-78.0143,34.7312],[-78.0127,34.7326],[-78.0095,34.7315],[-78.0105,34.7298],[-78.0075,34.7287],[-78.0082,34.7265],[-78.0026,34.7261],[-78.0031,34.724],[-77.9979,34.7218],[-77.9945,34.7171],[-77.9919,34.716],[-77.9873,34.7175],[-77.9848,34.7149],[-77.9816,34.7159],[-77.981,34.7139],[-77.9787,34.7151],[-77.9794,34.7169],[-77.9746,34.7146],[-77.9732,34.7177],[-77.9754,34.7185],[-77.9741,34.7191],[-77.9702,34.7195],[-77.9701,34.7177],[-77.9615,34.72],[-77.9588,34.7159],[-77.9561,34.7165],[-77.956,34.7151],[-77.952,34.7147],[-77.9516,34.7179],[-77.9397,34.7201],[-77.9409,34.721],[-77.9384,34.7234],[-77.9374,34.7202],[-77.9354,34.7207],[-77.9359,34.7224],[-77.9306,34.723],[-77.9215,34.7197],[-77.8482,34.7201]]]},"properties":{"GEOID":"37061","NAME":"Duplin County"}},{"type":"Feature","geometry":{"type":"Polygon","coordinates":[[[-82.8464,35.6144],[-82.8517,35.6173],[-82.8504,35.6277],[-82.8521,35.6301],[-82.8509,35.6329],[-82.8518,35.6354],[-82.8553,35.6368],[-82.8651,35.6348],[-82.869,35.6418],[-82.8687,35.6453],[-82.8746,35.6514],[-82.8722,35.6574],[-82.878,35.6625],[-82.8768,35.6662],[-82.888,35.6727],[-82.8839,35.6782],[-82.9011,35.6849],[-82.8986,35.687],[-82.8983,35.6912],[-82.9005,35.6956],[-82.8986,35.7037],[-82.9019,35.7092],[-82.9104,35.7162],[-82.9067,35.7202],[-82.9086,35.7249],[-82.9077,35.7278],[-82.9156,35.7376],[-82.9177,35.7448],[-82.923,35.7467],[-82.9265,35.745],[-82.9361,35.7448],[-82.9479,35.7389],[-82.9529,35.7426],[-82.9534,35.7457],[-82.9572,35.7468],[-82.9551,35.7504],[-82.9569,35.7574],[-82.9555,35.7591],[-82.9527,35.7591],[-82.9531,35.7622],[-82.9501,35.7664],[-82.9522,35.7711],[-82.95,35.7745],[-82.9526,35.7766],[-82.9519,35.7795],[-82.9557,35.7827],[-82.9573,35.7825],[-82.9568,35.7851],[-82.9596,35.7869],[-82.9602,35.7907],[-82.9697,35.7896],[-82.9839,35.7781],[-82.996,35.7731],[-83.0013,35.7738],[-83.006,35.7785],[-83.0109,35.7787],[-83.016,35.782],[-83.0203,35.7804],[-83.0239,35.7834],[-83.036,35.7875],[-83.0431,35.7854],[-83.0528,35.7897],[-83.0637,35.7869],[-83.0742,35.7901],[-83.0785,35.7897],[-83.0853,35.7858],[-83.0893,35.7815],[-83.0946,35.7796],[-83.0968,35.7764],[-83.1046,35.7744],[-83.1112,35.7706],[-83.1182,35.7698],[-83.1206,35.7664],[-83.1275,35.7681],[-83.1365,35.7651],[-83.1596,35.7647],[-83.165,35.7597],[-83.1648,35.754],[-83.1683,35.7508],[-83.1703,35.746],[-83.1778,35.7444],[-83.1864,35.7299],[-83.1977,35.7253],[-83.2074,35.7262],[-83.2142,35.7241],[-83.2181,35.726],[-83.2408,35.7269],[-83.2432,35.7226],[-83.2509,35.7201],[-83.2553,35.7157],[-83.2515,35.7092],[-83.2574,35.7052],[-83.2543,35.6956],[-83.2151,35.6923],[-83.2069,35.6811],[-83.2038,35.6797],[-83.1997,35.6811],[-83.1946,35.6779],[-83.192,35.6779],[-83.1894,35.6735],[-83.182,35.6713],[-83.1947,35.6609],[-83.1964,35.6543],[-83.2028,35.6496],[-83.2024,35.6445],[-83.1999,35.6412],[-83.1875,35.6408],[-83.1771,35.632],[-83.1759,35.6275],[-83.1807,35.623],[-83.1816,35.6187],[-83.179,35.6143],[-83.176,35.6125],[-83.1827,35.6052],[-83.1854,35.5994],[-83.1832,35.5961],[-83.1846,35.5914],[-83.1832,35.5894],[-83.1835,35.5863],[-83.1752,35.5808],[-83.1667,35.5785],[-83.1621,35.5682],[-83.1633,35.5647],[-83.1601,35.5626],[-83.1595,35.5587],[-83.1558,35.5526],[-83.1597,35.5484],[-83.1629,35.5481],[-83.1654,35.5385],[-83.1716,35.5376],[-83.1717,35.5338],[-83.1699,35.531],[-83.1731,35.5289],[-83.1739,35.5218],[-83.1863,35.5144],[-83.1859,35.5118],[-83.1746,35.5093],[-83.1641,35.5094],[-83.16,35.502],[-83.1611,35.4962],[-83.1421,35.4936],[-83.1386,35.4912],[-83.1374,35.4888],[-83.1405,35.4843],[-83.1365,35.4792],[-83.138,35.4756],[-83.1364,35.473],[-83.1377,35.4641],[-83.1321,35.4631],[-83.1221,35.4655],[-83.109,35.4641],[-83.0914,35.4575],[-83.09,35.4484],[-83.0795,35.4476],[-83.0804,35.4415],[-83.0788,35.4369],[-83.08,35.4345],[-83.0771,35.4336],[-83.0752,35.4306],[-83.0677,35.4291],[-83.0618,35.4253],[-83.0563,35.426],[-83.0533,35.4238],[-83.0529,35.4211],[-83.0444,35.4151],[-83.0449,35.4086],[-83.0428,35.3982],[-83.0437,35.3944],[-83.0396,35.3938],[-83.0299,35.3873],[-83.0248,35.3802],[-83.0066,35.3773],[-82.9972,35.373],[-82.9934,35.3685],[-82.9902,35.3674],[-82.9862,35.3559],[-82.9765,35.3499],[-82.9777,35.3441],[-82.9717,35.3428],[-82.9648,35.3333],[-82.9635,35.3251],[-82.9658,35.3194],[-82.9647,35.3153],[-82.9552,35.3164],[-82.9545,35.3138],[-82.9511,35.312],[-82.9504,35.3066],[-82.9354,35.3039],[-82.9326,35.3051],[-82.9307,35.303],[-82.9275,35.303],[-82.9206,35.292],[-82.9176,35.2917],[-82.9145,35.2974],[-82.9084,35.2991],[-82.8995,35.3055],[-82.8949,35.3055],[-82.8929,35.3077],[-82.885,35.308],[-82.8769,35.3145],[-82.8728,35.314],[-82.8698,35.3158],[-82.8612,35.3144],[-82.8579,35.317],[-82.8453,35.319],[-82.8319,35.3184],[-82.8295,35.3227],[-82.825,35.3242],[-82.8251,35.3278],[-82.823,35.3319],[-82.8151,35.3361],[-82.8132,35.3395],[-82.8147,35.3444],[-82.8053,35.3478],[-82.8032,35.3502],[-82.8013,35.3562],[-82.7975,35.3588],[-82.796,35.3644],[-82.7917,35.3672],[-82.7876,35.3811],[-82.7826,35.3829],[-82.7817,35.3868],[-82.7773,35.3886],[-82.7737,35.3939],[-82.7646,35.3962],[-82.7598,35.4023],[-82.7544,35.403],[-82.7501,35.4067],[-82.7456,35.4073],[-82.7461,35.4102],[-82.7495,35.413],[-82.7452,35.4235],[-82.7485,35.4255],[-82.7561,35.4252],[-82.766,35.4325],[-82.7686,35.4324],[-82.7817,35.4395],[-82.7841,35.444],[-82.7862,35.457],[-82.7946,35.4655],[-82.7941,35.4691],[-82.7996,35.471],[-82.7975,35.4714],[-82.7934,35.4841],[-82.7858,35.4948],[-82.7865,35.4981],[-82.7824,35.5043],[-82.785,35.5075],[-82.778,35.5199],[-82.7802,35.5257],[-82.7741,35.5319],[-82.7678,35.5352],[-82.7659,35.539],[-82.7712,35.5504],[-82.7775,35.5556],[-82.7727,35.5626],[-82.7659,35.5676],[-82.7708,35.5761],[-82.7785,35.5779],[-82.7772,35.5824],[-82.78,35.5846],[-82.781,35.5888],[-82.7992,35.5978],[-82.8019,35.6025],[-82.8035,35.6109],[-82.8096,35.6178],[-82.8098,35.625],[-82.8113,35.6271],[-82.8144,35.6277],[-82.8212,35.6232],[-82.8264,35.6229],[-82.829,35.6202],[-82.8318,35.6196],[-82.8362,35.6214],[-82.8464,35.6144]]]},"properties":{"GEOID":"37087","NAME":"Haywood County"}},{"type":"Feature","geometry":{"type":"Polygon","coordinates":[[[-78.1732,35.3471],[-78.1702,35.3463],[-78.1679,35.348],[-78.1656,35.3464],[-78.1604,35.3496],[-78.1588,35.3475],[-78.1532,35.3507],[-78.1537,35.3564],[-78.1601,35.3566],[-78.16,35.3593],[-78.1577,35.3601],[-78.1624,35.3674],[-78.1578,35.375],[-78.1507,35.3786],[-78.1458,35.383],[-78.1442,35.3869],[-78.1498,35.3918],[-78.1537,35.392],[-78.1549,35.4178],[-78.0648,35.5853],[-78.1256,35.6031],[-78.1578,35.6856],[-78.1613,35.6982],[-78.1612,35.7127],[-78.1639,35.7142],[-78.1639,35.7128],[-78.1681,35.7133],[-78.1706,35.7171],[-78.175,35.7176],[-78.1775,35.721],[-78.1757,35.723],[-78.1764,35.7249],[-78.1804,35.7254],[-78.1823,35.7289],[-78.1917,35.7306],[-78.1948,35.728],[-78.2024,35.7278],[-78.2069,35.7315],[-78.2094,35.7306],[-78.2156,35.736],[-78.2157,35.7393],[-78.213,35.7448],[-78.2158,35.7458],[-78.2166,35.7522],[-78.2191,35.7551],[-78.2263,35.7521],[-78.2267,35.7505],[-78.2329,35.7514],[-78.2358,35.7578],[-78.2349,35.7598],[-78.2382,35.7631],[-78.2383,35.7673],[-78.2444,35.7695],[-78.246,35.7726],[-78.2509,35.7738],[-78.2485,35.7748],[-78.2461,35.7848],[-78.2472,35.7859],[-78.2439,35.7921],[-78.2504,35.7969],[-78.2491,35.8012],[-78.2516,35.8042],[-78.2514,35.8111],[-78.257,35.8132],[-78.256,35.8181],[-78.3688,35.7544],[-78.46,35.7057],[-78.4647,35.7082],[-78.4692,35.7066],[-78.4733,35.7017],[-78.4921,35.6869],[-78.7089,35.5195],[-78.6895,35.5159],[-78.6869,35.5019],[-78.6759,35.4966],[-78.6606,35.4962],[-78.6558,35.4905],[-78.6534,35.484],[-78.6503,35.4826],[-78.6498,35.4717],[-78.6389,35.4618],[-78.6269,35.458],[-78.6214,35.4505],[-78.6195,35.4451],[-78.6146,35.442],[-78.6148,35.4399],[-78.6071,35.4324],[-78.6099,35.4272],[-78.5988,35.4183],[-78.5971,35.4062],[-78.5927,35.3986],[-78.5845,35.3959],[-78.5841,35.3942],[-78.5725,35.3865],[-78.572,35.3804],[-78.5681,35.3738],[-78.5691,35.3708],[-78.5677,35.3677],[-78.5628,35.3656],[-78.5627,35.3622],[-78.5528,35.3573],[-78.5493,35.3535],[-78.5331,35.343],[-78.5336,35.3406],[-78.5299,35.3349],[-78.5376,35.3272],[-78.5356,35.3201],[-78.5383,35.3164],[-78.5266,35.303],[-78.5222,35.295],[-78.4919,35.2633],[-78.4117,35.2547],[-78.3977,35.263],[-78.3066,35.2876],[-78.2897,35.3151],[-78.276,35.3151],[-78.2691,35.3228],[-78.258,35.3257],[-78.2488,35.3204],[-78.2426,35.3198],[-78.2157,35.3335],[-78.2167,35.3368],[-78.2155,35.3415],[-78.2136,35.3405],[-78.2118,35.3423],[-78.2096,35.3397],[-78.2008,35.3413],[-78.1973,35.3401],[-78.1963,35.3436],[-78.187,35.3426],[-78.1849,35.3454],[-78.18,35.3437],[-78.1777,35.346],[-78.1732,35.3471]]]},"properties":{"GEOID":"37101","NAME":"Johnston County"}},{"type":"Feature","geometry":{"type":"Polygon","coordinates":[[[-76.542,36.5507],[-76.4373,36.4678],[-76.4227,36.4644],[-76.4211,36.4619],[-76.4148,36.4605],[-76.407,36.4542],[-76.3987,36.4555],[-76.3947,36.4545],[-76.3868,36.4469],[-76.3825,36.4475],[-76.3766,36.4459],[-76.376,36.4424],[-76.3711,36.4414],[-76.3721,36.4395],[-76.3674,36.4394],[-76.3693,36.4354],[-76.3675,36.4337],[-76.3674,36.4312],[-76.3569,36.4266],[-76.3474,36.4282],[-76.3485,36.4239],[-76.3458,36.4215],[-76.3413,36.4218],[-76.3379,36.4249],[-76.3329,36.4254],[-76.3296,36.4239],[-76.3222,36.4275],[-76.32,36.4231],[-76.3231,36.4202],[-76.3231,36.4172],[-76.3146,36.4108],[-76.3145,36.4083],[-76.3104,36.4062],[-76.3105,36.4019],[-76.3018,36.4005],[-76.3005,36.3954],[-76.2915,36.3866],[-76.2874,36.3848],[-76.2851,36.3889],[-76.2795,36.3863],[-76.2737,36.3882],[-76.2589,36.3843],[-76.2571,36.3823],[-76.2591,36.3767],[-76.2565,36.3737],[-76.2573,36.37],[-76.2602,36.367],[-76.2572,36.3635],[-76.2547,36.3628],[-76.244,36.3657],[-76.2376,36.372],[-76.2313,36.3721],[-76.2314,36.3621],[-76.2258,36.3541],[-76.2274,36.3483],[-76.2251,36.3464],[-76.2187,36.3452],[-76.2142,36.3416],[-76.2181,36.3336],[-76.216,36.3277],[-76.1922,36.3281],[-76.1813,36.3219],[-76.1828,36.3172],[-76.188,36.3145],[-76.1923,36.3143],[-76.1969,36.3175],[-76.1996,36.3173],[-76.2011,36.3146],[-76.2009,36.3056],[-76.2138,36.304],[-76.2169,36.3015],[-76.2171,36.2988],[-76.2051,36.2969],[-76.197,36.2912],[-76.1793,36.293],[-76.1752,36.289],[-76.1722,36.2827],[-76.1639,36.277],[-76.1479,36.2766],[-76.1376,36.2733],[-76.1203,36.2592],[-76.1053,36.2401],[-76.1019,36.2314],[-76.0983,36.2276],[-76.0864,36.222],[-76.0715,36.2186],[-76.0676,36.2153],[-76.0445,36.1788],[-76.0343,36.1671],[-76.0294,36.1588],[-76.0232,36.1252],[-76.0224,36.0867],[-75.9505,36.088],[-75.9063,36.0859],[-75.8967,36.1252],[-75.8874,36.1508],[-75.8873,36.1592],[-75.8895,36.1675],[-75.8988,36.1803],[-75.919,36.1924],[-75.9264,36.2001],[-75.9296,36.2072],[-75.9296,36.22],[-75.9345,36.2379],[-75.9425,36.243],[-75.9529,36.2532],[-75.9632,36.2585],[-75.9637,36.264],[-75.9623,36.2672],[-75.9517,36.2715],[-75.949,36.274],[-75.9505,36.2798],[-75.9487,36.2857],[-75.9554,36.2894],[-75.9615,36.2874],[-75.9666,36.2896],[-75.9697,36.2957],[-75.9696,36.3063],[-75.9731,36.3098],[-75.9906,36.3083],[-75.9997,36.3112],[-76.0019,36.3151],[-76.0024,36.3242],[-76.0079,36.3286],[-76.0164,36.3273],[-76.0204,36.3328],[-76.0169,36.3382],[-76.0175,36.3451],[-76.0233,36.345],[-76.0249,36.341],[-76.0317,36.3386],[-76.0334,36.3413],[-76.0285,36.3444],[-76.0288,36.3491],[-76.0324,36.3506],[-76.0371,36.3554],[-76.0418,36.3554],[-76.046,36.3583],[-76.0493,36.3564],[-76.0519,36.3603],[-76.0557,36.3586],[-76.0554,36.3556],[-76.0584,36.3544],[-76.0592,36.352],[-76.0647,36.3513],[-76.0628,36.3492],[-76.0637,36.3475],[-76.0689,36.3479],[-76.0683,36.3495],[-76.0719,36.35],[-76.0739,36.3461],[-76.076,36.3468],[-76.0749,36.3486],[-76.0783,36.3471],[-76.0799,36.3489],[-76.0814,36.3481],[-76.0849,36.3521],[-76.0864,36.3497],[-76.0905,36.3521],[-76.0932,36.3507],[-76.0977,36.3535],[-76.1067,36.3545],[-76.1144,36.3576],[-76.1218,36.3711],[-76.1476,36.3945],[-76.1575,36.3982],[-76.1585,36.4253],[-76.3133,36.5505],[-76.542,36.5507]]]},"properties":{"GEOID":"37029","NAME":"Camden County"}},{"type":"Feature","geometry":{"type":"Polygon","coordinates":[[[-83.8655,35.1273],[-83.8637,35.1204],[-83.8742,35.1142],[-83.876,35.1103],[-83.8831,35.1061],[-83.8877,35.0991],[-83.896,35.0919],[-83.9053,35.0866],[-83.9077,35.0782],[-83.9167,35.0746],[-83.9227,35.0741],[-83.9274,35.0667],[-83.9311,35.0694],[-83.9337,35.0689],[-83.9346,35.0658],[-83.9437,35.0559],[-83.9488,35.0538],[-83.9565,35.0543],[-83.9609,35.0492],[-83.964,35.0481],[-83.9628,35.046],[-83.9661,35.044],[-83.9584,35.0389],[-83.9607,35.0309],[-83.9565,35.0263],[-83.9645,35.0186],[-83.9717,35.0153],[-83.9713,35.0124],[-83.9799,35.0058],[-83.9842,35.0049],[-83.999,34.9962],[-84.0036,34.9955],[-84.0046,34.9942],[-84.0034,34.9914],[-84.0058,34.9892],[-84.0051,34.9872],[-83.62,34.9867],[-83.6201,34.992],[-83.4829,34.9933],[-83.4865,34.9985],[-83.4933,34.9989],[-83.5001,35.0016],[-83.5046,35.0007],[-83.5104,35.0052],[-83.5141,35.0041],[-83.5167,35.0019],[-83.518,34.9974],[-83.521,34.9968],[-83.5226,34.9994],[-83.522,35.0036],[-83.5271,35.0092],[-83.5219,35.0132],[-83.5213,35.0183],[-83.5311,35.0262],[-83.5379,35.0354],[-83.5429,35.0385],[-83.5584,35.0391],[-83.5631,35.0483],[-83.5667,35.0513],[-83.5622,35.0595],[-83.568,35.0669],[-83.5669,35.071],[-83.5753,35.0717],[-83.5787,35.0771],[-83.5819,35.0781],[-83.5851,35.0819],[-83.5834,35.087],[-83.5874,35.0923],[-83.596,35.0944],[-83.6003,35.0995],[-83.6054,35.1019],[-83.6113,35.1021],[-83.6183,35.1068],[-83.6185,35.1087],[-83.6146,35.1134],[-83.6169,35.1154],[-83.6173,35.1194],[-83.6189,35.1194],[-83.6201,35.1263],[-83.6191,35.1284],[-83.6237,35.1288],[-83.6266,35.1314],[-83.625,35.1251],[-83.6324,35.1251],[-83.6351,35.1212],[-83.6402,35.1306],[-83.6438,35.1321],[-83.6377,35.1328],[-83.637,35.1346],[-83.6402,35.1387],[-83.6421,35.1391],[-83.6495,35.1345],[-83.6549,35.1358],[-83.6572,35.1401],[-83.6488,35.1405],[-83.6451,35.1452],[-83.6491,35.1475],[-83.6481,35.1526],[-83.6523,35.1541],[-83.655,35.1582],[-83.6589,35.1601],[-83.6594,35.1545],[-83.6659,35.1501],[-83.6678,35.1505],[-83.6695,35.1543],[-83.6731,35.157],[-83.6788,35.1562],[-83.6844,35.1578],[-83.6871,35.1541],[-83.6938,35.1561],[-83.6995,35.1525],[-83.7144,35.1553],[-83.7267,35.1454],[-83.7425,35.1594],[-83.7527,35.1608],[-83.7559,35.1572],[-83.7648,35.1555],[-83.7679,35.157],[-83.7728,35.1559],[-83.7783,35.15],[-83.785,35.1478],[-83.7948,35.1481],[-83.7971,35.1449],[-83.8066,35.1441],[-83.8081,35.1416],[-83.8178,35.1388],[-83.8329,35.1406],[-83.8346,35.1429],[-83.8413,35.1437],[-83.8571,35.1371],[-83.8628,35.1324],[-83.8655,35.1273]]]},"properties":{"GEOID":"37043","NAME":"Clay County"}},{"type":"Feature","geometry":{"type":"Polygon","coordinates":[[[-76.4914,36.501],[-76.4914,36.4686],[-76.4476,36.3637],[-76.4017,36.3016],[-76.398,36.3004],[-76.3947,36.2968],[-76.3951,36.2926],[-76.3918,36.2907],[-76.3919,36.2875],[-76.3865,36.2836],[-76.3812,36.2758],[-76.3766,36.2753],[-76.3755,36.2728],[-76.3779,36.2693],[-76.375,36.2588],[-76.3606,36.2524],[-76.3474,36.2498],[-76.3434,36.2468],[-76.3435,36.2433],[-76.3406,36.2414],[-76.3373,36.2408],[-76.3322,36.2444],[-76.3248,36.2404],[-76.3172,36.2402],[-76.3147,36.2327],[-76.3072,36.2303],[-76.307,36.2275],[-76.3042,36.226],[-76.3037,36.2217],[-76.2902,36.2234],[-76.2899,36.2182],[-76.285,36.2158],[-76.2884,36.2136],[-76.287,36.2105],[-76.2801,36.2032],[-76.2793,36.1982],[-76.2733,36.1952],[-76.2719,36.1857],[-76.2599,36.1795],[-76.2514,36.1695],[-76.2403,36.1638],[-76.2349,36.1551],[-76.2287,36.1499],[-76.2238,36.1397],[-76.2155,36.1304],[-76.1947,36.1177],[-76.1827,36.1142],[-76.1787,36.1112],[-76.158,36.0595],[-76.1011,36.0695],[-76.0761,36.0756],[-76.0582,36.0806],[-76.0226,36.0967],[-76.0232,36.1252],[-76.0294,36.1588],[-76.0343,36.1671],[-76.0445,36.1788],[-76.0676,36.2153],[-76.0715,36.2186],[-76.0864,36.222],[-76.0983,36.2276],[-76.1019,36.2314],[-76.1053,36.2401],[-76.1203,36.2592],[-76.1376,36.2733],[-76.1479,36.2766],[-76.1639,36.277],[-76.1722,36.2827],[-76.1752,36.289],[-76.1793,36.293],[-76.197,36.2912],[-76.2051,36.2969],[-76.2171,36.2988],[-76.2169,36.3015],[-76.2138,36.304],[-76.2009,36.3056],[-76.2011,36.3146],[-76.1996,36.3173],[-76.1969,36.3175],[-76.1923,36.3143],[-76.188,36.3145],[-76.1828,36.3172],[-76.1813,36.3219],[-76.1922,36.3281],[-76.216,36.3277],[-76.2181,36.3336],[-76.2142,36.3416],[-76.2187,36.3452],[-76.2251,36.3464],[-76.2274,36.3483],[-76.2258,36.3541],[-76.2314,36.3621],[-76.2313,36.3721],[-76.2376,36.372],[-76.244,36.3657],[-76.2547,36.3628],[-76.2572,36.3635],[-76.2602,36.367],[-76.2573,36.37],[-76.2565,36.3737],[-76.2591,36.3767],[-76.2571,36.3823],[-76.2589,36.3843],[-76.2737,36.3882],[-76.2795,36.3863],[-76.2851,36.3889],[-76.2874,36.3848],[-76.2915,36.3866],[-76.3005,36.3954],[-76.3018,36.4005],[-76.3105,36.4019],[-76.3104,36.4062],[-76.3145,36.4083],[-76.3146,36.4108],[-76.3231,36.4172],[-76.3231,36.4202],[-76.32,36.4231],[-76.3222,36.4275],[-76.3296,36.4239],[-76.3335,36.4254],[-76.3394,36.4243],[-76.3415,36.4217],[-76.3474,36.4222],[-76.3485,36.4239],[-76.3474,36.4282],[-76.3569,36.4266],[-76.3674,36.4312],[-76.3675,36.4337],[-76.3693,36.4354],[-76.3674,36.4394],[-76.3721,36.4395],[-76.3711,36.4414],[-76.376,36.4424],[-76.3766,36.4459],[-76.3825,36.4475],[-76.3868,36.4469],[-76.3947,36.4545],[-76.3987,36.4555],[-76.407,36.4542],[-76.4148,36.4605],[-76.4211,36.4619],[-76.4227,36.4644],[-76.4373,36.4678],[-76.4913,36.5107],[-76.4914,36.501]]]},"properties":{"GEOID":"37139","NAME":"Pasquotank County"}},{"type":"Feature","geometry":{"type":"Polygon","coordinates":[[[-77.4987,36.5451],[-77.8998,36.5446],[-77.8995,36.5043],[-77.8962,36.5095],[-77.8924,36.5121],[-77.8876,36.5098],[-77.8849,36.5064],[-77.876,36.5061],[-77.8694,36.5036],[-77.8661,36.5034],[-77.8583,36.5066],[-77.8342,36.5011],[-77.8175,36.5005],[-77.8052,36.4972],[-77.7944,36.4919],[-77.7891,36.4912],[-77.7755,36.4823],[-77.7679,36.48],[-77.7656,36.4823],[-77.7538,36.4789],[-77.746,36.479],[-77.7307,36.4865],[-77.7255,36.4875],[-77.71,36.4871],[-77.6945,36.4818],[-77.6811,36.4792],[-77.6613,36.4792],[-77.6493,36.4815],[-77.6445,36.4805],[-77.6396,36.475],[-77.6305,36.4501],[-77.626,36.4457],[-77.6216,36.4432],[-77.6163,36.4441],[-77.6096,36.4367],[-77.597,36.4342],[-77.5923,36.4316],[-77.5903,36.4245],[-77.5877,36.4224],[-77.5809,36.4241],[-77.5724,36.4229],[-77.5553,36.418],[-77.5495,36.4121],[-77.5444,36.3939],[-77.5476,36.3725],[-77.5765,36.3544],[-77.5856,36.3373],[-77.5853,36.335],[-77.5772,36.3285],[-77.5714,36.3141],[-77.5563,36.3052],[-77.5421,36.3032],[-77.5237,36.3068],[-77.4951,36.3084],[-77.4855,36.316],[-77.4763,36.3172],[-77.4663,36.322],[-77.4459,36.3249],[-77.4403,36.3236],[-77.4347,36.3144],[-77.4136,36.2919],[-77.4134,36.276],[-77.4097,36.2638],[-77.3814,36.2498],[-77.3769,36.245],[-77.3766,36.2371],[-77.3822,36.2271],[-77.3866,36.2135],[-77.3836,36.2082],[-77.3579,36.1975],[-77.351,36.1915],[-77.3401,36.19],[-77.3292,36.1924],[-77.3257,36.187],[-77.3194,36.1818],[-77.309,36.1807],[-77.3131,36.1754],[-77.3131,36.1722],[-77.3087,36.168],[-77.2996,36.1649],[-77.2915,36.1683],[-77.2957,36.1722],[-77.2983,36.1723],[-77.2956,36.1743],[-77.2997,36.1814],[-77.2989,36.1861],[-77.2951,36.1884],[-77.2959,36.1931],[-77.2933,36.1971],[-77.2974,36.2023],[-77.2979,36.2081],[-77.2907,36.2129],[-77.2878,36.2114],[-77.2757,36.2145],[-77.27,36.2132],[-77.2641,36.2172],[-77.2544,36.2186],[-77.249,36.2184],[-77.2441,36.2151],[-77.2286,36.2144],[-77.2288,36.2174],[-77.2083,36.2468],[-77.1785,36.317],[-77.1313,36.4378],[-77.1316,36.4415],[-77.1365,36.4474],[-77.137,36.4559],[-77.1265,36.464],[-77.123,36.4712],[-77.1195,36.474],[-77.1146,36.4739],[-77.1123,36.4777],[-77.1074,36.4758],[-77.1014,36.4772],[-77.0999,36.4791],[-77.0936,36.4723],[-77.0917,36.4717],[-77.0854,36.4755],[-77.0836,36.4723],[-77.0813,36.4749],[-77.0829,36.4767],[-77.0799,36.4788],[-77.0767,36.4806],[-77.0744,36.4781],[-77.075,36.481],[-77.0713,36.4793],[-77.0709,36.4835],[-77.0663,36.4832],[-77.0676,36.4848],[-77.0663,36.4872],[-77.0687,36.4872],[-77.0694,36.4894],[-77.0671,36.4924],[-77.0699,36.4945],[-77.0665,36.497],[-77.0701,36.4988],[-77.0716,36.4974],[-77.074,36.4995],[-77.0747,36.4962],[-77.0769,36.496],[-77.078,36.4976],[-77.08,36.4964],[-77.0857,36.5003],[-77.084,36.501],[-77.0852,36.5053],[-77.0809,36.5072],[-77.0833,36.5072],[-77.0834,36.5132],[-77.087,36.5135],[-77.0928,36.5182],[-77.0958,36.5165],[-77.0991,36.517],[-77.1032,36.521],[-77.1033,36.5166],[-77.1144,36.5183],[-77.1141,36.5215],[-77.1189,36.5232],[-77.1218,36.5221],[-77.1211,36.5192],[-77.1228,36.5204],[-77.127,36.5181],[-77.1312,36.5223],[-77.1354,36.5237],[-77.1485,36.5251],[-77.1485,36.5268],[-77.1526,36.5298],[-77.1504,36.5305],[-77.1507,36.5333],[-77.1487,36.5341],[-77.1494,36.5365],[-77.1534,36.538],[-77.1515,36.5384],[-77.151,36.5405],[-77.1527,36.5397],[-77.1549,36.5414],[-77.1573,36.5399],[-77.1579,36.5431],[-77.1602,36.5419],[-77.1639,36.5441],[-77.1644,36.5463],[-77.1705,36.5473],[-77.2065,36.5444],[-77.4987,36.5451]]]},"properties":{"GEOID":"37131","NAME":"Northampton County"}},{"type":"Feature","geometry":{"type":"Polygon","coordinates":[[[-76.6041,35.5124],[-76.6027,35.5163],[-76.5991,35.52],[-76.5867,35.5233],[-76.5629,35.52],[-76.5245,35.5187],[-76.5005,35.5189],[-76.4912,35.5209],[-76.4849,35.5244],[-76.4786,35.531],[-76.4678,35.5509],[-76.4678,35.5565],[-76.4799,35.5629],[-76.4826,35.5673],[-76.487,35.5685],[-76.4911,35.5726],[-76.5005,35.5708],[-76.503,35.5756],[-76.5004,35.5789],[-76.5016,35.5797],[-76.506,35.581],[-76.5132,35.5761],[-76.5191,35.5788],[-76.5191,35.5848],[-76.5251,35.5853],[-76.5277,35.5816],[-76.5304,35.5822],[-76.532,35.5809],[-76.5387,35.5828],[-76.5395,35.5859],[-76.5344,35.5895],[-76.5325,35.5931],[-76.5343,35.5956],[-76.5426,35.5992],[-76.5532,35.5971],[-76.5549,35.6002],[-76.5639,35.6011],[-76.5643,35.6037],[-76.5706,35.6058],[-76.5743,35.6094],[-76.5742,35.6112],[-76.5776,35.6112],[-76.5786,35.6143],[-76.5918,35.6244],[-76.6007,35.6359],[-76.6061,35.6467],[-76.6003,35.664],[-76.6019,35.6699],[-76.6197,35.6882],[-76.6238,35.6902],[-76.6251,35.6937],[-76.6375,35.7052],[-76.8446,35.7057],[-76.8473,35.72],[-76.9858,35.6588],[-77.0346,35.679],[-77.1638,35.7395],[-77.172,35.7362],[-77.1741,35.7326],[-77.1734,35.7306],[-77.1751,35.7297],[-77.1735,35.7279],[-77.1745,35.7259],[-77.1723,35.7249],[-77.1704,35.7206],[-77.1708,35.7165],[-77.1828,35.7185],[-77.1849,35.7205],[-77.1877,35.7146],[-77.1872,35.7123],[-77.1939,35.7092],[-77.1946,35.7036],[-77.1935,35.7015],[-77.1958,35.6998],[-77.193,35.6942],[-77.1902,35.6933],[-77.1878,35.6954],[-77.1813,35.6932],[-77.1798,35.6852],[-77.1772,35.6842],[-77.1753,35.6873],[-77.1698,35.6843],[-77.1694,35.6786],[-77.1725,35.6774],[-77.167,35.6723],[-77.1682,35.6702],[-77.172,35.669],[-77.1775,35.6694],[-77.1807,35.6649],[-77.1747,35.6587],[-77.1728,35.6442],[-77.1742,35.6356],[-77.1679,35.631],[-77.165,35.6309],[-77.1625,35.6332],[-77.1616,35.6291],[-77.1593,35.6297],[-77.1573,35.6266],[-77.152,35.6262],[-77.1481,35.6202],[-77.1436,35.6205],[-77.1424,35.6179],[-77.1445,35.6161],[-77.1436,35.6151],[-77.1457,35.6088],[-77.1402,35.6057],[-77.1424,35.6037],[-77.1471,35.6052],[-77.1464,35.6042],[-77.1483,35.6046],[-77.1507,35.6024],[-77.1441,35.6016],[-77.1444,35.5994],[-77.1431,35.5988],[-77.139,35.6022],[-77.1347,35.5962],[-77.1317,35.5964],[-77.1301,35.5946],[-77.1292,35.5961],[-77.1285,35.5939],[-77.127,35.5945],[-77.127,35.5973],[-77.1246,35.5969],[-77.1219,35.592],[-77.1238,35.592],[-77.1233,35.5865],[-77.124,35.5855],[-77.1254,35.5866],[-77.1255,35.5847],[-77.118,35.5832],[-77.1182,35.5868],[-77.1141,35.5884],[-77.1172,35.5814],[-77.1143,35.5803],[-77.1099,35.5831],[-77.1067,35.5814],[-77.1096,35.5757],[-77.1119,35.5748],[-77.1105,35.5696],[-77.1088,35.5692],[-77.1073,35.5713],[-77.1017,35.5701],[-77.1023,35.5687],[-77.1005,35.5677],[-77.1016,35.5663],[-77.0972,35.5647],[-77.0907,35.5693],[-77.0865,35.5628],[-77.0897,35.5605],[-77.0892,35.5586],[-77.0875,35.5585],[-77.0888,35.5544],[-77.0846,35.5527],[-77.1132,35.5497],[-77.1271,35.5541],[-77.1762,35.5191],[-77.1782,35.5077],[-77.1765,35.5013],[-77.1671,35.4969],[-77.1738,35.485],[-77.1738,35.4566],[-77.1808,35.4551],[-77.1823,35.4482],[-77.18,35.4442],[-77.1814,35.4407],[-77.1912,35.435],[-77.1892,35.4262],[-77.1904,35.419],[-76.9589,35.301],[-76.8455,35.2161],[-76.6326,35.2353],[-76.6138,35.2709],[-76.6142,35.2748],[-76.6122,35.2794],[-76.6144,35.2854],[-76.6143,35.2916],[-76.6194,35.3023],[-76.6162,35.3147],[-76.617,35.3309],[-76.6128,35.3348],[-76.6042,35.3382],[-76.5905,35.3619],[-76.5221,35.3536],[-76.5389,35.3804],[-76.5586,35.4037],[-76.5603,35.417],[-76.563,35.4244],[-76.5755,35.4366],[-76.584,35.4491],[-76.5851,35.4574],[-76.5816,35.4668],[-76.5795,35.4852],[-76.5832,35.4889],[-76.5961,35.4935],[-76.6012,35.4977],[-76.6041,35.5052],[-76.6041,35.5124]]]},"properties":{"GEOID":"37013","NAME":"Beaufort County"}},{"type":"Feature","geometry":{"type":"Polygon","coordinates":[[[-80.7385,35.766],[-80.7716,35.6722],[-80.7398,35.5441],[-80.7422,35.5408],[-80.7408,35.5322],[-80.7373,35.5249],[-80.7372,35.5058],[-80.6755,35.5065],[-80.5218,35.5023],[-80.1829,35.5033],[-80.1847,35.5081],[-80.184,35.5165],[-80.1906,35.5258],[-80.1974,35.53],[-80.1955,35.5366],[-80.1992,35.5456],[-80.207,35.5493],[-80.2098,35.5523],[-80.2103,35.557],[-80.207,35.5731],[-80.2089,35.5813],[-80.2317,35.5965],[-80.237,35.6068],[-80.2434,35.6144],[-80.2566,35.6225],[-80.2629,35.6284],[-80.2887,35.6357],[-80.2938,35.6432],[-80.3046,35.6535],[-80.3073,35.6658],[-80.3148,35.6717],[-80.3257,35.6747],[-80.3306,35.6788],[-80.3333,35.6836],[-80.3344,35.6924],[-80.332,35.6973],[-80.3248,35.7037],[-80.3242,35.7077],[-80.3259,35.7119],[-80.3352,35.7208],[-80.341,35.7213],[-80.3708,35.7161],[-80.3823,35.7198],[-80.3887,35.7193],[-80.3951,35.725],[-80.4054,35.7222],[-80.4123,35.7222],[-80.4426,35.7348],[-80.453,35.7344],[-80.4564,35.7373],[-80.4619,35.7507],[-80.4688,35.7574],[-80.4714,35.7678],[-80.4783,35.7748],[-80.4848,35.7756],[-80.4871,35.7713],[-80.4873,35.7663],[-80.4922,35.7793],[-80.4961,35.7826],[-80.5003,35.7835],[-80.5046,35.7805],[-80.5085,35.7745],[-80.5149,35.7781],[-80.5207,35.7843],[-80.5282,35.7834],[-80.5336,35.7856],[-80.5334,35.791],[-80.5356,35.7916],[-80.5374,35.7899],[-80.543,35.7923],[-80.5468,35.7984],[-80.5548,35.8004],[-80.5618,35.8095],[-80.5678,35.8119],[-80.5704,35.8163],[-80.5869,35.8231],[-80.59,35.8213],[-80.5873,35.8192],[-80.591,35.8172],[-80.5942,35.823],[-80.5942,35.8273],[-80.5992,35.8273],[-80.6014,35.8234],[-80.6034,35.8263],[-80.6039,35.8237],[-80.6096,35.8231],[-80.6125,35.8255],[-80.6099,35.8287],[-80.6109,35.8313],[-80.6226,35.839],[-80.6311,35.8385],[-80.6317,35.8456],[-80.6425,35.8441],[-80.6493,35.8462],[-80.6605,35.8446],[-80.6713,35.8465],[-80.6729,35.8498],[-80.6696,35.8521],[-80.6688,35.8563],[-80.6723,35.8558],[-80.6743,35.8577],[-80.677,35.8559],[-80.6874,35.8598],[-80.6917,35.8635],[-80.6932,35.8537],[-80.6965,35.8546],[-80.7001,35.8505],[-80.7078,35.853],[-80.7385,35.766]]]},"properties":{"GEOID":"37159","NAME":"Rowan County"}}]}
